Jugador,Edad,Equipo,Pierna hábil,Altura,ELO,Max. ELO,REAP,+/- ELO (1 año),Potencial,Fin Contrato,Valor de mercado,Position principal,Partidos jugados,Estad. avanzada (min),Asistencias,Goles para empatar,Regates en zona peligrosa,% Regates en zona peligrosa con éxito,Regates en zona peligrosa con éxito,% Regates con éxito,Regates,Regates con éxito,Primeros goles,Goles de falta,Goles después de córner,Goles después de falta,Goles tras centro,Goles desde fuera del área,Goles,% Efectividad,Goles de cabeza,Goles con la izquierda,Goles de penalti,Penaltis lanzados,Penaltis provocados,Pre-asistencias,Goles con la derecha,Progresiones con balón,% Progresiones con balón con éxito,Progresiones con balón con éxito,Pases que acaban en tiro,Pases previos a tiro (C-At),Tiros dentro del área,Tiros tras centro,Tiros fuera del área,Pases que acaban en TP,Goles (s.p.) por Disparo,Tiros,Tiros bloq. (ATA),Tiros a puerta,Tiros por tiro a puerta,Tiros por gol,Tiros tras regate con éxito,Toques en el área,xA / Pases clave,xA,xG por disparo,xG en contra (tiros a puerta),xG,Tiros bloq. (DEF),Despejes,Recuperaciones en últ. tercio,1x1 Defensivos,% 1x1 Defensivos con éxito,1x1 Defensivos con éxito,Recuperaciones en campo rival,Penaltis cometidos,Presiones defensivas (ind.),Intercepciones,Recuperaciones,Rec. rápidas tras pérdida,Entradas,Duelo defensivo por falta,% Duelos aéreos ganados,Duelos aéreos,Duelos aéreos ganados,Duelos defensivos,% Duelos defensivos ganados,Duelos defensivos ganados,Duelos,% Duelos ganados,Duelos ganados,Duelos en el suelo,% Duelos en el suelo con éxito,Duelos en el suelo con éxito,Duelos ofensivos,% Duelos ofensivos ganados,Duelos ofensivos ganados,Pases hacia atrás,Centros,% Centros con éxito,Centros con éxito,Centros al área,% Centros al área con éxito,Centros al área con éxito,Pases clave,% Pases largos con éxito,% Pases con éxito,Pases intentados,Pases previos a pérdida,Pases con éxito,Pases al último tercio,% Pases al último tercio con éxito,Pases al último tercio con éxito,Pases al área,% Pases al área con éxito,Pases al área con éxito,Pases progresivos,% Pases progresivos con éxito,Pases progresivos con éxito,Pases verticales,Pases profundos,Aceleraciones,Tarjetas provocadas,Tarjetas,% Porterías a cero,Diferencial NPxG,Diferencial xG,Expulsiones,Faltas,NPxG,NPxG por disparo,Fueras de juego,Goles en propia puerta,Pérdidas en campo propio,Pérdidas de balón,Faltas recibidas,Tarjetas rojas,Goles para ganar,Tarjetas amarillas,Goles de falta concedidos,Goles encajados,Goles de cabeza concedidos,Salidas por alto,Goles lejanos concedidos,Pases largos,Pases largos con éxito,Penaltis parados,Goles de penalti concedidos,Rechaces tras penalti,Paradas por gol encajado,Paradas,% Paradas por tiros a puerta recibidos,Tiros a puerta recibidos,Superparadas,Goles evitados,Asistencias_percentil,Goles para empatar_percentil,Regates en zona peligrosa_percentil,% Regates en zona peligrosa con éxito_percentil,Regates en zona peligrosa con éxito_percentil,% Regates con éxito_percentil,Regates_percentil,Regates con éxito_percentil,Primeros goles_percentil,Goles de falta_percentil,Goles después de córner_percentil,Goles después de falta_percentil,Goles tras centro_percentil,Goles desde fuera del área_percentil,Goles_percentil,% Efectividad_percentil,Goles de cabeza_percentil,Goles con la izquierda_percentil,Goles de penalti_percentil,Penaltis lanzados_percentil,Penaltis provocados_percentil,Pre-asistencias_percentil,Goles con la derecha_percentil,Progresiones con balón_percentil,% Progresiones con balón con éxito_percentil,Progresiones con balón con éxito_percentil,Pases que acaban en tiro_percentil,Pases previos a tiro (C-At)_percentil,Tiros dentro del área_percentil,Tiros tras centro_percentil,Tiros fuera del área_percentil,Pases que acaban en TP_percentil,Goles (s.p.) por Disparo_percentil,Tiros_percentil,Tiros bloq. (ATA)_percentil,Tiros a puerta_percentil,Tiros por tiro a puerta_percentil,Tiros por gol_percentil,Tiros tras regate con éxito_percentil,Toques en el área_percentil,xA / Pases clave_percentil,xA_percentil,xG por disparo_percentil,xG en contra (tiros a puerta)_percentil,xG_percentil,Tiros bloq. (DEF)_percentil,Despejes_percentil,Recuperaciones en últ. tercio_percentil,1x1 Defensivos_percentil,% 1x1 Defensivos con éxito_percentil,1x1 Defensivos con éxito_percentil,Recuperaciones en campo rival_percentil,Penaltis cometidos_percentil,Presiones defensivas (ind.)_percentil,Intercepciones_percentil,Recuperaciones_percentil,Rec. rápidas tras pérdida_percentil,Entradas_percentil,Duelo defensivo por falta_percentil,% Duelos aéreos ganados_percentil,Duelos aéreos_percentil,Duelos aéreos ganados_percentil,Duelos defensivos_percentil,% Duelos defensivos ganados_percentil,Duelos defensivos ganados_percentil,Duelos_percentil,% Duelos ganados_percentil,Duelos ganados_percentil,Duelos en el suelo_percentil,% Duelos en el suelo con éxito_percentil,Duelos en el suelo con éxito_percentil,Duelos ofensivos_percentil,% Duelos ofensivos ganados_percentil,Duelos ofensivos ganados_percentil,Pases hacia atrás_percentil,Centros_percentil,% Centros con éxito_percentil,Centros con éxito_percentil,Centros al área_percentil,% Centros al área con éxito_percentil,Centros al área con éxito_percentil,Pases clave_percentil,% Pases largos con éxito_percentil,% Pases con éxito_percentil,Pases intentados_percentil,Pases previos a pérdida_percentil,Pases con éxito_percentil,Pases al último tercio_percentil,% Pases al último tercio con éxito_percentil,Pases al último tercio con éxito_percentil,Pases al área_percentil,% Pases al área con éxito_percentil,Pases al área con éxito_percentil,Pases progresivos_percentil,% Pases progresivos con éxito_percentil,Pases progresivos con éxito_percentil,Pases verticales_percentil,Pases profundos_percentil,Aceleraciones_percentil,Tarjetas provocadas_percentil,Tarjetas_percentil,% Porterías a cero_percentil,Diferencial NPxG_percentil,Diferencial xG_percentil,Expulsiones_percentil,Faltas_percentil,NPxG_percentil,NPxG por disparo_percentil,Fueras de juego_percentil,Goles en propia puerta_percentil,Pérdidas en campo propio_percentil,Pérdidas de balón_percentil,Faltas recibidas_percentil,Tarjetas rojas_percentil,Goles para ganar_percentil,Tarjetas amarillas_percentil,Goles de falta concedidos_percentil,Goles encajados_percentil,Goles de cabeza concedidos_percentil,Salidas por alto_percentil,Goles lejanos concedidos_percentil,Pases largos_percentil,Pases largos con éxito_percentil,Penaltis parados_percentil,Goles de penalti concedidos_percentil,Rechaces tras penalti_percentil,Paradas por gol encajado_percentil,Paradas_percentil,% Paradas por tiros a puerta recibidos_percentil,Tiros a puerta recibidos_percentil,Superparadas_percentil,Goles evitados_percentil
Lassine Keita,19,Deportivo Aragón,-,-,38,39,1.18,4,54,2024-06-30 00:00:00,0.001,CB,13,870,0.0,0.0,0.0,0.0,0.0,66.67,0.31,0.21,0.0,0.0,0.0,0.0,0.0,0.0,0.0,0.0,0.0,0.0,0.0,0.0,0.0,0.0,0.0,4.14,15.0,0.62,0.1,0.0,0.1,0.0,0.0,0.1,0.0,0.1,0.0,0.1,0.1,0.0,0.0,0.21,0.0,0.0,0.06,0.0,0.06,0.41,3.83,0.1,1.03,30.0,0.31,1.45,0.1,0.1,5.48,12.62,5.69,0.31,0.44,50.91,5.69,2.9,9.62,73.12,7.03,19.45,61.7,12.0,10.66,69.9,7.45,1.03,40.0,0.41,3.0,0.0,0.0,0.0,0.0,0.0,0.0,0.0,45.1,80.69,30.0,3.21,24.21,4.34,57.14,2.48,0.31,0.0,0.0,6.21,68.33,4.24,12.0,0.0,0.1,0.0,0.72,10.34,-0.06,-0.06,0.0,2.28,0.06,0.06,0.0,0.0,4.34,7.66,0.41,0.0,0.0,0.72,0.0,0.0,0.0,0.0,0.0,5.28,2.38,0.0,0.0,0.0,0.0,0.0,0.0,0.0,0.0,0.0,42,46,40,44,44,61,43,49,43,50,41,44,51,47,33,33,39,49,51,50,49,43,45,44,37,46,50,49,24,35,18,75,33,15,7,48,41,33,41,15,29,23,100,51,79,59,79,44,55,1,10,36,88,24,76,63,46,63,57,35,65,46,99,60,100,82,57,85,90,76,94,25,29,21,71,14,21,21,18,23,23,29,26,65,34,88,47,29,63,37,19,7,7,24,57,33,56,15,52,23,100,81,11,10,43,94,79,100,24,49,59,15,34,49,47,100,51,51,51,51,51,22,18,51,51,51,51,51,51,51,51,51
D. Niwa,38,Arenas de Getxo,Derecha,180,52,69,1.16,6,69,2024-06-30 00:00:00,0.016,CB,21,2000,0.0,0.0,0.09,0.0,0.0,44.44,0.41,0.18,0.0,0.0,0.05,0.05,0.0,0.0,0.09,66.67,0.05,0.0,0.0,0.0,0.0,0.0,0.05,2.03,20.0,0.41,0.0,0.0,0.41,0.0,0.05,0.0,0.2,0.45,0.27,0.14,0.15,0.23,0.0,0.5,0.0,0.0,0.01,0.0,0.1,0.5,4.1,0.09,0.68,80.0,0.54,2.03,0.05,0.14,4.05,15.93,9.05,0.05,0.33,60.13,7.11,4.28,4.59,73.53,3.38,16.47,62.02,10.22,6.17,68.61,4.23,1.58,54.29,0.86,1.26,0.23,60.0,0.14,0.18,50.0,0.09,0.0,63.08,76.65,23.13,3.15,17.73,4.59,66.67,3.06,0.45,30.0,0.14,7.07,66.24,4.68,7.7,0.0,0.0,0.05,0.09,4.5,-0.01,-0.01,0.0,0.63,0.1,0.01,0.0,0.0,4.23,7.74,1.13,0.0,0.0,0.09,0.0,0.0,0.0,0.0,0.0,5.85,3.69,0.0,0.0,0.0,0.0,0.0,0.0,0.0,0.0,0.0,42,46,92,44,44,26,53,41,43,50,88,92,51,47,90,93,81,49,51,50,49,43,94,11,65,23,16,49,84,35,43,26,84,78,70,67,70,76,41,60,29,23,63,51,97,74,88,37,16,93,43,72,75,36,29,99,94,7,35,62,91,90,12,68,16,50,59,56,21,65,18,54,68,60,9,71,84,75,69,72,68,29,96,47,13,85,19,37,90,53,25,62,42,40,51,46,24,15,18,54,5,21,57,57,43,24,97,64,24,49,53,21,88,49,47,5,51,51,51,51,51,32,62,51,51,51,51,51,51,51,51,51
Juan,25,Náxara,-,-,48,48,1.1,3,55,2024-06-30 00:00:00,0.027,CB,24,2186,0.0,0.0,0.0,0.0,0.0,36.36,0.45,0.16,0.0,0.0,0.0,0.0,0.0,0.0,0.0,0.0,0.0,0.0,0.0,0.0,0.0,0.0,0.0,3.21,5.13,0.16,0.12,0.0,0.29,0.04,0.08,0.04,0.0,0.41,0.12,0.12,0.14,0.0,0.0,0.45,0.07,0.01,0.0,0.0,0.05,0.37,3.91,0.08,1.24,43.33,0.54,0.86,0.04,0.25,4.94,11.57,5.97,0.41,0.29,51.47,5.6,2.88,6.38,66.45,4.24,16.51,56.61,9.35,7.58,60.87,4.61,1.19,31.03,0.37,2.26,0.12,33.33,0.04,0.12,33.33,0.04,0.08,55.02,75.53,31.13,2.35,23.51,4.45,51.85,2.31,0.7,29.41,0.21,7.86,62.83,4.94,12.68,0.08,0.0,0.0,0.21,4.12,-0.05,-0.05,0.04,0.91,0.05,0.0,0.04,0.04,4.57,9.88,0.29,0.04,0.0,0.16,0.0,0.0,0.0,0.0,0.0,9.43,5.19,0.0,0.0,0.0,0.0,0.0,0.0,0.0,0.0,0.0,42,46,40,44,44,19,57,36,43,50,41,44,51,47,33,33,39,49,51,50,49,43,45,30,6,3,60,49,67,71,57,54,33,68,30,55,65,33,41,52,68,58,20,51,69,51,82,32,68,18,43,11,70,63,62,43,50,76,22,38,60,44,43,28,40,51,25,39,38,22,27,34,9,15,39,52,60,41,60,61,46,65,75,40,42,50,41,32,44,31,54,60,56,50,38,49,57,44,18,23,42,5,18,17,88,47,70,21,50,99,71,73,24,97,47,29,51,51,51,51,51,81,81,51,51,51,51,51,51,51,51,51
A. Pérez,21,Deportivo Alavés B,Izquierda,-,48,48,1.32,6,62,2024-06-30 00:00:00,0.109,CB,21,1927,0.09,0.0,0.0,0.0,0.0,100.0,0.23,0.23,0.0,0.0,0.0,0.0,0.0,0.0,0.0,0.0,0.0,0.0,0.0,0.0,0.0,0.0,0.0,6.07,6.15,0.37,0.09,0.0,0.23,0.0,0.05,0.05,0.0,0.28,0.33,0.14,0.09,0.0,0.0,0.42,0.19,0.03,0.0,0.0,0.02,0.75,2.66,0.37,0.7,60.0,0.42,1.96,0.0,0.14,4.48,14.24,6.77,0.28,0.21,75.56,6.31,4.76,4.02,73.26,2.94,13.78,69.15,9.53,4.86,69.23,3.36,0.89,47.37,0.42,3.6,0.09,50.0,0.05,0.05,100.0,0.05,0.14,64.18,86.93,51.8,2.43,45.02,7.19,61.69,4.44,0.79,23.53,0.19,9.99,80.37,8.03,24.52,0.14,0.05,0.0,0.28,4.67,-0.02,-0.02,0.05,0.89,0.02,0.0,0.14,0.0,3.27,7.89,0.23,0.0,0.0,0.23,0.0,0.0,0.0,0.0,0.0,9.39,6.02,0.0,0.0,0.0,0.0,0.0,0.0,0.0,0.0,0.0,97,46,40,44,44,95,29,51,43,50,41,44,51,47,33,33,39,49,51,50,49,43,45,75,10,15,43,49,49,35,43,59,33,41,83,67,36,33,41,47,82,90,20,51,32,94,31,94,18,60,29,68,34,36,49,85,76,57,9,99,79,98,5,62,4,22,100,43,6,71,4,19,53,23,88,43,76,47,40,93,53,87,99,93,88,54,91,79,81,85,64,51,51,81,100,93,93,68,39,23,60,25,44,44,92,46,34,21,93,49,15,32,15,49,47,51,51,51,51,51,51,79,88,51,51,51,51,51,51,51,51,51
Franki,25,Barbastro,Izquierda,184,54,56,1.21,5,61,2024-06-30 00:00:00,0.061,CB,19,1568,0.0,0.0,0.06,0.0,0.0,78.57,0.8,0.63,0.0,0.0,0.0,0.0,0.0,0.0,0.06,33.33,0.0,0.0,0.0,0.0,0.0,0.0,0.06,2.35,24.39,0.57,0.17,0.0,0.29,0.06,0.11,0.0,0.14,0.4,0.17,0.17,0.13,0.4,0.06,0.46,0.0,0.01,0.01,0.0,0.07,0.34,2.53,0.34,1.89,57.58,1.09,2.18,0.06,0.46,5.17,12.23,5.63,0.57,0.37,49.3,4.08,2.01,7.35,69.53,5.11,17.28,58.14,10.04,10.33,67.78,7.0,2.98,63.46,1.89,3.16,0.52,44.44,0.23,0.34,66.67,0.23,0.0,44.76,70.67,24.85,1.32,17.56,4.19,49.32,2.07,0.86,40.0,0.34,6.14,59.81,3.67,6.49,0.11,0.06,0.11,0.52,5.74,-0.01,-0.01,0.06,1.15,0.07,0.01,0.11,0.0,3.96,10.27,1.26,0.0,0.0,0.46,0.0,0.0,0.0,0.0,0.0,6.03,2.7,0.0,0.0,0.0,0.0,0.0,0.0,0.0,0.0,0.0,42,46,85,44,44,78,74,85,43,50,41,44,51,47,78,72,39,49,51,50,49,43,99,15,81,39,68,49,67,81,71,26,76,65,43,76,61,87,90,55,29,58,63,51,85,44,26,91,96,51,97,78,79,82,69,59,43,90,47,22,23,20,76,46,76,56,34,54,85,53,87,87,82,96,76,85,69,85,85,82,91,29,25,21,24,12,16,25,32,25,68,79,82,20,31,24,9,60,43,73,91,49,57,57,94,66,85,64,84,49,47,76,93,49,47,90,51,51,51,51,51,37,29,51,51,51,51,51,51,51,51,51
X. Zaldua,22,CD Calahorra,Derecha,182,45,45,1.12,2,55,2024-06-30 00:00:00,0.028,CB,11,621,0.0,0.0,0.0,0.0,0.0,100.0,0.58,0.58,0.0,0.0,0.0,0.0,0.0,0.0,0.0,0.0,0.0,0.0,0.0,0.0,0.0,0.0,0.0,5.36,18.92,1.01,0.0,0.0,0.58,0.0,0.0,0.0,0.0,0.58,0.14,0.0,0.0,0.0,0.0,0.72,0.0,0.0,0.01,0.0,0.04,0.58,4.2,0.0,1.74,41.67,0.72,1.45,0.0,0.0,6.52,15.36,9.13,0.29,1.28,55.56,7.83,4.35,6.38,70.45,4.49,19.13,67.42,12.9,7.54,71.15,5.36,1.16,75.0,0.87,1.88,0.14,0.0,0.0,0.14,0.0,0.0,0.0,52.33,70.8,39.71,2.32,28.12,10.72,58.11,6.23,1.01,14.29,0.14,14.06,69.07,9.71,11.74,0.0,0.29,0.29,0.14,14.49,-0.04,-0.04,0.0,0.72,0.04,0.01,0.29,0.0,5.22,12.32,1.16,0.0,0.0,0.14,0.0,0.0,0.0,0.0,0.0,12.46,6.52,0.0,0.0,0.0,0.0,0.0,0.0,0.0,0.0,0.0,42,46,40,44,44,95,66,81,43,50,41,44,51,47,33,33,39,49,51,50,49,43,45,68,60,69,16,49,94,35,18,26,33,87,38,14,14,33,41,85,29,23,63,51,57,85,90,8,94,15,71,36,34,7,96,93,96,60,90,50,99,93,43,49,50,78,96,97,35,79,53,32,100,63,24,57,21,21,63,23,23,29,62,22,68,46,56,99,71,96,79,22,42,99,59,97,53,15,87,97,22,97,26,26,43,31,59,64,99,49,90,88,90,49,47,24,51,51,51,51,51,96,91,51,51,51,51,51,51,51,51,51
Hugo Terés,21,CD Valle de Egüés,Derecha,180,49,50,1.35,3,63,2024-06-30 00:00:00,0.055,CB,26,2334,0.0,0.0,0.0,0.0,0.0,50.0,0.39,0.19,0.0,0.0,0.0,0.0,0.0,0.04,0.04,33.33,0.0,0.0,0.0,0.0,0.04,0.0,0.04,2.12,27.27,0.58,0.04,0.0,0.19,0.0,0.12,0.04,0.13,0.31,0.23,0.12,0.1,0.31,0.0,0.31,0.13,0.01,0.0,0.0,0.02,0.42,2.81,0.12,1.58,48.78,0.77,1.85,0.0,0.42,4.7,11.49,5.86,0.15,0.21,53.24,5.36,2.85,7.17,61.83,4.43,17.78,55.1,9.79,9.06,56.6,5.13,1.89,36.73,0.69,1.54,0.08,0.0,0.0,0.04,0.0,0.0,0.04,42.42,69.62,22.21,1.2,15.46,3.01,42.31,1.27,0.54,7.14,0.04,5.01,46.92,2.35,6.32,0.08,0.12,0.04,0.15,3.86,0.02,0.02,0.0,1.31,0.02,0.0,0.04,0.0,4.67,9.33,0.58,0.0,0.0,0.15,0.0,0.0,0.0,0.0,0.0,5.09,2.16,0.0,0.0,0.0,0.0,0.0,0.0,0.0,0.0,0.0,42,46,40,44,44,34,51,44,43,50,41,44,51,94,67,72,39,49,51,50,97,43,90,13,86,41,32,49,43,35,74,54,75,51,57,55,41,82,41,35,76,58,20,51,32,61,35,53,91,22,79,63,34,79,54,41,49,29,9,43,56,42,71,13,44,65,15,49,63,15,46,65,21,44,13,37,21,21,35,23,23,59,15,19,9,10,9,6,6,6,35,15,15,6,9,4,7,44,57,47,25,3,79,79,43,74,34,21,50,49,76,59,55,49,47,26,51,51,51,51,51,15,12,51,51,51,51,51,51,51,51,51
Santamaría,36,Tudelano,Izquierda,189,54,62,1.13,2,64,2024-06-30 00:00:00,0.035,CB,20,1882,0.0,0.05,0.0,0.0,0.0,33.33,0.14,0.05,0.05,0.0,0.0,0.05,0.0,0.0,0.05,50.0,0.0,0.0,0.0,0.0,0.0,0.0,0.05,6.36,12.78,0.81,0.1,0.0,0.38,0.1,0.05,0.1,0.11,0.43,0.19,0.1,0.22,0.43,0.0,0.72,0.36,0.02,0.01,0.0,0.08,0.33,3.97,0.05,0.81,88.24,0.72,1.15,0.0,0.19,5.79,13.34,6.17,0.1,0.4,49.46,4.45,2.2,5.21,77.98,4.06,13.77,61.11,8.42,6.41,71.64,4.59,1.2,44.0,0.53,1.63,0.1,100.0,0.1,0.05,100.0,0.05,0.05,56.0,76.89,39.93,2.58,30.7,8.56,51.96,4.45,1.24,15.38,0.19,12.53,75.57,9.47,13.34,0.14,0.14,0.0,0.1,4.78,-0.03,-0.03,0.0,0.62,0.08,0.01,0.05,0.0,3.83,9.8,0.67,0.0,0.0,0.1,0.0,0.0,0.0,0.0,0.0,11.96,6.7,0.0,0.0,0.0,0.0,0.0,0.0,0.0,0.0,0.0,42,94,40,44,44,15,18,15,88,50,41,92,51,47,72,85,39,49,51,50,49,43,94,76,25,58,50,49,79,91,43,75,73,74,49,48,79,92,41,85,94,79,63,51,90,39,85,23,28,99,71,21,34,49,85,74,65,18,54,24,31,24,22,93,32,21,50,21,25,82,25,36,46,34,15,49,94,65,40,93,53,63,76,50,69,63,66,90,47,87,85,24,51,96,96,96,59,68,65,23,8,29,35,35,43,22,90,64,57,49,39,69,66,49,47,8,51,51,51,51,51,93,94,51,51,51,51,51,51,51,51,51
Terés,24,CD Valle de Egüés,Derecha,184,46,46,1.07,1,52,2024-06-30 00:00:00,0.029,CB,21,1402,0.0,0.0,0.13,100.0,0.13,56.0,1.6,0.9,0.0,0.0,0.0,0.0,0.0,0.0,0.0,0.0,0.0,0.0,0.0,0.0,0.0,0.0,0.0,2.89,42.22,1.22,0.26,0.06,0.06,0.0,0.13,0.13,0.0,0.19,0.32,0.19,0.06,0.0,0.13,0.64,0.07,0.01,0.01,0.0,0.02,0.39,2.89,0.32,2.05,37.5,0.77,3.47,0.13,0.77,5.91,11.62,7.19,0.39,0.38,48.0,8.02,3.85,9.5,63.51,6.03,25.74,53.62,13.8,13.48,59.05,7.96,3.98,48.39,1.93,2.05,0.13,50.0,0.06,0.0,0.0,0.0,0.13,37.25,67.05,22.6,1.35,15.15,3.53,50.91,1.8,0.58,55.56,0.32,4.69,43.84,2.05,5.26,0.19,0.32,0.32,0.45,6.42,-0.02,-0.02,0.0,1.6,0.02,0.01,0.06,0.0,5.33,12.45,1.54,0.0,0.0,0.45,0.0,0.0,0.0,0.0,0.0,3.27,1.22,0.0,0.0,0.0,0.0,0.0,0.0,0.0,0.0,0.0,42,46,99,96,100,41,99,94,43,50,41,44,51,47,33,33,39,49,51,50,49,43,45,25,100,85,88,100,15,35,78,85,33,29,81,82,29,33,97,75,68,58,63,51,32,54,37,87,97,8,79,96,95,94,90,46,82,71,49,16,100,85,97,19,94,100,10,100,99,18,99,97,57,97,32,55,76,55,18,23,23,84,4,7,10,15,7,21,40,21,43,97,77,3,3,1,6,78,91,99,85,55,44,44,43,90,34,64,62,49,93,91,98,49,47,88,51,51,51,51,51,1,1,51,51,51,51,51,51,51,51,51
A. Barandiaran,20,CD Calahorra,Derecha,181,45,50,1.18,-1,61,2024-06-30 00:00:00,0.049,CB,15,1351,0.0,0.0,0.0,0.0,0.0,80.0,0.33,0.27,0.0,0.0,0.0,0.0,0.0,0.0,0.0,0.0,0.0,0.0,0.0,0.0,0.0,0.0,0.0,3.86,13.79,0.53,0.0,0.0,0.0,0.0,0.0,0.0,0.0,0.0,0.2,0.0,0.0,0.0,0.0,0.0,0.0,0.0,0.0,0.0,0.0,0.33,3.73,0.13,0.87,53.85,0.47,1.67,0.0,0.27,3.6,11.72,5.6,0.07,1.65,45.61,3.8,1.73,8.26,76.61,6.33,15.39,64.94,9.99,9.46,75.35,7.13,1.2,66.67,0.8,2.27,0.0,0.0,0.0,0.0,0.0,0.0,0.0,51.38,77.92,31.38,2.4,24.45,4.2,47.62,2.0,0.47,0.0,0.0,7.26,63.3,4.6,9.99,0.0,0.07,0.0,0.13,6.66,0.0,0.0,0.0,0.33,0.0,0.0,0.0,0.0,4.26,7.73,0.4,0.0,0.0,0.13,0.0,0.0,0.0,0.0,0.0,7.26,3.73,0.0,0.0,0.0,0.0,0.0,0.0,0.0,0.0,0.0,42,46,40,44,44,80,47,58,43,50,41,44,51,47,33,33,39,49,51,50,49,43,45,40,32,34,16,49,6,35,18,26,33,4,51,14,14,33,41,2,29,23,20,51,6,39,69,58,41,38,36,50,34,66,15,49,40,12,96,10,18,10,88,88,97,34,79,53,71,97,91,36,93,56,42,14,21,21,18,23,23,29,56,53,44,53,51,26,24,24,27,7,7,44,41,43,40,15,46,23,18,60,71,71,43,4,6,21,24,49,57,19,32,49,47,19,51,51,51,51,51,62,63,51,51,51,51,51,51,51,51,51
A. Larrañaga,20,Real Sociedad C,-,-,48,48,1.39,7,65,2024-06-30 00:00:00,0.06,CB,8,770,0.0,0.0,0.0,0.0,0.0,50.0,0.23,0.12,0.0,0.0,0.0,0.0,0.0,0.0,0.0,0.0,0.0,0.0,0.0,0.0,0.0,0.0,0.0,9.94,8.24,0.82,0.0,0.0,0.0,0.0,0.12,0.0,0.0,0.12,0.35,0.0,0.0,0.0,0.0,0.23,0.0,0.0,0.0,0.0,0.0,0.47,4.44,0.12,1.4,58.33,0.82,2.69,0.12,0.23,7.13,17.18,9.47,0.12,1.05,68.09,5.49,3.74,6.31,68.52,4.32,18.35,65.61,12.04,7.71,63.64,4.91,1.4,41.67,0.58,3.97,0.12,100.0,0.12,0.12,100.0,0.12,0.0,52.34,80.23,60.9,3.16,48.86,7.25,53.23,3.86,0.7,50.0,0.35,12.04,53.4,6.43,30.51,0.12,0.23,0.12,0.12,11.69,0.0,0.0,0.0,0.7,0.0,0.0,0.0,0.0,7.36,12.51,0.58,0.0,0.0,0.12,0.0,0.0,0.0,0.0,0.0,12.51,6.55,0.0,0.0,0.0,0.0,0.0,0.0,0.0,0.0,0.0,42,46,40,44,44,34,29,25,43,50,41,44,51,47,33,33,39,49,51,50,49,43,45,99,13,60,16,49,6,35,74,26,33,19,87,14,14,33,41,21,29,23,20,51,6,71,96,53,84,54,84,90,93,59,99,100,99,23,88,94,59,82,41,37,41,72,84,87,44,35,41,49,37,38,91,52,94,70,60,93,77,29,63,62,100,87,99,82,49,78,54,90,85,93,16,74,99,64,82,75,13,87,71,71,43,28,6,21,24,49,100,93,55,49,47,14,51,51,51,51,51,97,93,51,51,51,51,51,51,51,51,51
Luken Beitia,19,Real Sociedad B,-,-,47,47,1.42,2,67,2025-06-30 00:00:00,0.001,CB,16,975,0.0,0.0,0.09,0.0,0.0,83.33,0.55,0.46,0.0,0.0,0.0,0.0,0.0,0.0,0.0,0.0,0.0,0.0,0.0,0.0,0.0,0.0,0.0,7.57,15.85,1.2,0.18,0.0,0.18,0.09,0.09,0.0,0.0,0.28,0.37,0.0,0.0,0.0,0.0,0.46,0.0,0.01,0.02,0.0,0.05,0.65,2.22,0.18,0.74,62.5,0.46,2.22,0.0,0.65,5.82,10.62,5.45,0.18,0.88,50.0,4.62,2.31,5.26,66.67,3.51,14.31,57.42,8.22,6.74,65.75,4.43,1.48,62.5,0.92,3.14,0.09,0.0,0.0,0.09,0.0,0.0,0.0,60.0,85.87,51.6,1.94,44.31,7.11,61.04,4.34,0.74,37.5,0.28,10.43,70.8,7.38,24.18,0.09,0.28,0.0,0.09,9.23,-0.05,-0.05,0.0,0.55,0.05,0.02,0.0,0.0,3.78,7.85,0.46,0.0,0.0,0.09,0.0,0.0,0.0,0.0,0.0,7.85,4.71,0.0,0.0,0.0,0.0,0.0,0.0,0.0,0.0,0.0,42,46,92,44,44,85,65,70,43,50,41,44,51,47,33,33,39,49,51,50,49,43,45,85,41,84,71,49,40,88,63,26,33,41,91,14,14,33,41,55,29,58,93,51,69,91,16,69,23,70,34,81,34,90,87,22,35,38,85,29,36,28,25,29,21,28,31,19,29,43,21,51,79,65,75,43,21,21,51,23,23,29,90,88,87,32,87,76,79,84,57,74,71,82,69,85,90,51,84,23,5,72,18,17,43,19,70,93,24,49,35,31,43,49,47,5,51,51,51,51,51,68,76,51,51,51,51,51,51,51,51,51
A. Ugarte,28,UD Logroñés,Derecha,190,55,57,1.21,1,61,2024-06-30 00:00:00,0.234,CB,15,1396,0.0,0.0,0.0,0.0,0.0,80.0,0.32,0.26,0.0,0.0,0.0,0.0,0.0,0.0,0.0,0.0,0.0,0.0,0.0,0.0,0.0,0.0,0.0,8.19,13.39,1.1,0.06,0.0,0.52,0.13,0.19,0.0,0.0,0.71,0.19,0.19,0.24,0.0,0.0,0.77,0.0,0.0,0.01,0.0,0.08,0.13,3.48,0.26,1.22,63.16,0.77,2.06,0.0,0.13,6.51,13.09,6.06,0.06,0.46,62.65,5.35,3.35,5.54,69.77,3.87,15.92,59.92,9.54,7.48,62.07,4.64,1.93,40.0,0.77,3.03,0.13,100.0,0.13,0.06,100.0,0.06,0.0,54.14,83.8,53.32,2.51,44.68,7.8,70.25,5.48,0.64,50.0,0.32,11.09,67.44,7.48,25.01,0.19,0.19,0.06,0.39,6.45,-0.08,-0.08,0.0,0.77,0.08,0.01,0.06,0.0,4.51,8.9,0.52,0.0,0.0,0.39,0.0,0.0,0.0,0.0,0.0,8.57,4.64,0.0,0.0,0.0,0.0,0.0,0.0,0.0,0.0,0.0,42,46,40,44,44,80,44,55,43,50,41,44,51,47,33,33,39,49,51,50,49,43,45,90,29,79,37,49,90,95,88,26,33,91,49,82,82,33,41,89,29,23,63,51,90,12,60,81,66,72,79,74,34,33,94,69,59,10,63,75,54,70,29,47,26,44,44,44,34,26,30,68,29,54,72,55,94,73,44,93,60,29,72,81,91,59,90,87,93,91,47,90,77,87,56,88,94,78,71,59,76,57,2,2,43,36,90,64,62,49,66,51,51,49,47,81,51,51,51,51,51,75,72,51,51,51,51,51,51,51,51,51
Alex Mendoza,20,AD San Juan,-,-,48,48,1.38,9,65,2024-06-30 00:00:00,0.048,CB,17,1493,0.0,0.0,0.0,0.0,0.0,66.67,0.18,0.12,0.0,0.0,0.06,0.0,0.0,0.0,0.06,100.0,0.06,0.0,0.0,0.0,0.0,0.0,0.0,2.65,15.91,0.42,0.0,0.0,0.24,0.0,0.06,0.0,0.2,0.3,0.18,0.06,0.3,0.3,0.0,0.3,0.0,0.0,0.01,0.0,0.03,0.84,3.8,0.0,0.84,85.71,0.72,1.09,0.06,0.12,6.45,12.9,6.33,0.42,0.24,63.2,7.54,4.76,5.12,81.18,4.16,16.4,66.18,10.85,6.51,73.15,4.76,1.39,43.48,0.6,2.71,0.0,0.0,0.0,0.0,0.0,0.0,0.0,48.86,68.21,22.18,2.65,15.13,3.13,48.08,1.51,0.54,11.11,0.06,5.91,48.98,2.89,7.35,0.06,0.0,0.0,0.36,6.03,0.03,0.03,0.0,1.27,0.03,0.01,0.0,0.0,5.0,9.52,0.66,0.0,0.06,0.36,0.0,0.0,0.0,0.0,0.0,5.3,2.59,0.0,0.0,0.0,0.0,0.0,0.0,0.0,0.0,0.0,42,46,40,44,44,61,24,25,43,50,90,44,51,47,78,98,85,49,51,50,49,43,45,21,43,25,16,49,51,35,49,26,84,47,46,33,91,79,41,33,29,23,63,51,46,97,76,8,33,97,71,16,79,30,93,68,68,78,13,78,94,98,21,99,35,47,90,69,26,90,37,46,41,40,57,14,21,21,18,23,23,29,47,13,7,65,6,10,26,12,35,21,21,13,10,12,19,38,18,23,72,51,84,84,43,71,47,64,24,49,87,63,63,49,96,72,51,51,51,51,51,24,21,51,51,51,51,51,51,51,51,51
M. Operé,23,Deportivo Aragón,Derecha,192,54,54,1.41,5,64,2024-06-30 00:00:00,0.151,CB,22,2151,0.0,0.0,0.0,0.0,0.0,75.0,0.17,0.13,0.08,0.0,0.08,0.0,0.0,0.0,0.08,100.0,0.08,0.0,0.0,0.0,0.0,0.0,0.0,5.19,10.48,0.54,0.0,0.0,0.08,0.0,0.0,0.0,1.0,0.08,0.25,0.08,0.04,0.04,0.0,0.21,0.0,0.0,0.01,0.0,0.01,0.46,3.93,0.04,0.59,64.29,0.38,0.8,0.04,0.17,5.48,11.88,5.36,0.21,0.33,64.66,4.85,3.14,6.9,77.58,5.36,15.4,68.75,10.59,7.82,73.8,5.77,0.92,45.45,0.42,1.97,0.0,0.0,0.0,0.0,0.0,0.0,0.0,50.41,84.37,36.4,2.51,30.71,3.14,50.67,1.59,0.13,0.0,0.0,6.19,57.43,3.56,18.37,0.0,0.13,0.04,0.21,4.18,0.07,0.07,0.0,0.88,0.01,0.01,0.04,0.0,4.52,7.82,0.42,0.0,0.0,0.21,0.0,0.0,0.0,0.0,0.0,5.15,2.59,0.0,0.0,0.0,0.0,0.0,0.0,0.0,0.0,0.0,42,46,40,44,44,74,21,29,94,50,93,44,51,47,85,98,89,49,51,50,49,43,45,61,19,36,16,49,18,35,18,26,100,9,64,39,28,66,41,15,29,23,63,51,18,69,84,17,10,75,23,6,70,46,76,55,31,47,35,82,40,56,63,91,79,35,99,60,51,93,66,22,50,23,26,14,21,21,18,23,23,29,51,82,62,59,68,12,37,18,5,7,7,22,25,19,78,15,62,47,42,10,99,99,43,44,18,64,50,49,68,29,36,49,47,44,51,51,51,51,51,18,21,51,51,51,51,51,51,51,51,51
U. Eguiluz,22,Athletic,Derecha,186,49,50,1.28,2,61,2025-06-30 00:00:00,0.128,CB,19,1736,0.0,0.0,0.0,0.0,0.0,60.0,0.26,0.16,0.0,0.0,0.0,0.0,0.0,0.0,0.0,0.0,0.0,0.0,0.0,0.0,0.0,0.1,0.0,7.62,5.44,0.41,0.0,0.0,0.36,0.0,0.05,0.0,0.0,0.41,0.21,0.16,0.14,0.0,0.0,0.52,0.0,0.0,0.01,0.0,0.04,0.26,2.54,0.26,0.47,55.56,0.26,1.81,0.0,0.16,4.2,11.46,5.24,0.16,0.33,62.89,5.03,3.16,5.24,76.24,3.99,13.84,65.92,9.12,6.74,68.46,4.61,1.5,41.38,0.62,3.63,0.05,0.0,0.0,0.05,0.0,0.0,0.0,44.0,90.3,53.97,2.28,48.73,4.82,69.89,3.37,0.16,0.0,0.0,6.9,71.43,4.93,28.0,0.0,0.1,0.05,0.31,5.18,-0.04,-0.04,0.0,0.83,0.04,0.01,0.1,0.0,2.7,6.17,0.47,0.0,0.0,0.31,0.0,0.0,0.0,0.0,0.0,3.89,1.71,0.0,0.0,0.0,0.0,0.0,0.0,0.0,0.0,0.0,42,46,40,44,44,46,33,36,43,50,41,44,51,47,33,33,39,49,51,50,49,96,45,87,9,23,16,49,78,35,43,26,33,68,54,73,65,33,41,63,29,23,63,51,57,24,28,81,7,45,7,60,34,41,34,37,28,33,35,76,49,57,24,85,29,24,87,32,29,63,27,53,35,41,90,31,21,21,40,23,23,29,19,99,93,41,97,40,91,65,8,7,7,37,74,47,97,15,52,54,65,41,26,26,43,40,59,64,79,49,3,3,45,49,47,65,51,51,51,51,51,3,4,51,51,51,51,51,51,51,51,51
Ekhi Senar,33,CD Calahorra,Derecha,180,50,60,1.06,-3,60,2024-06-30 00:00:00,0.094,CB,13,967,0.0,0.0,0.0,0.0,0.0,66.67,0.28,0.19,0.0,0.0,0.0,0.0,0.0,0.0,0.0,0.0,0.0,0.0,0.0,0.0,0.0,0.0,0.0,4.56,10.2,0.47,0.0,0.0,0.09,0.0,0.0,0.0,0.0,0.09,0.28,0.0,0.0,0.0,0.0,0.37,0.0,0.0,0.01,0.0,0.01,0.47,2.05,0.0,0.84,55.56,0.47,0.65,0.0,0.56,3.16,11.82,6.05,0.28,1.35,62.26,4.93,3.07,5.4,75.86,4.1,13.4,65.28,8.75,5.96,75.0,4.47,0.56,66.67,0.37,1.49,0.09,100.0,0.09,0.09,100.0,0.09,0.0,57.76,79.34,33.78,3.07,26.8,6.14,48.48,2.98,0.56,16.67,0.09,8.66,70.97,6.14,14.89,0.0,0.0,0.09,0.19,9.31,-0.01,-0.01,0.0,0.37,0.01,0.01,0.0,0.0,3.44,8.19,0.28,0.0,0.0,0.19,0.0,0.0,0.0,0.0,0.0,10.8,6.24,0.0,0.0,0.0,0.0,0.0,0.0,0.0,0.0,0.0,42,46,40,44,44,61,38,44,43,50,41,44,51,47,33,33,39,49,51,50,49,43,45,53,18,28,16,49,20,35,18,26,33,11,74,14,14,33,41,40,29,23,63,51,18,71,13,8,33,45,36,3,34,88,6,53,57,57,93,72,43,53,28,83,34,16,82,24,15,95,22,8,93,15,12,43,94,63,51,93,68,29,85,59,50,82,53,65,30,49,39,29,27,66,71,66,62,15,18,65,32,75,57,57,43,6,18,64,24,49,19,35,21,49,47,35,51,51,51,51,51,84,90,51,51,51,51,51,51,51,51,51
M. Isla,27,Izarra,Derecha,192,52,58,1.15,1,59,2024-06-30 00:00:00,0.141,CB,21,1983,0.0,0.05,0.0,0.0,0.0,100.0,0.05,0.05,0.0,0.0,0.0,0.0,0.0,0.0,0.05,100.0,0.0,0.05,0.0,0.0,0.0,0.0,0.0,1.04,30.43,0.32,0.0,0.0,0.18,0.0,0.0,0.0,0.25,0.18,0.41,0.05,0.18,0.18,0.0,0.23,0.0,0.0,0.0,0.0,0.02,0.36,2.9,0.05,0.82,61.11,0.5,0.86,0.05,0.09,3.81,9.76,5.17,0.05,0.33,61.47,4.95,3.04,4.9,67.59,3.31,12.62,61.15,7.72,5.36,65.25,3.49,0.45,40.0,0.18,1.27,0.05,100.0,0.05,0.05,100.0,0.05,0.0,44.53,72.02,22.87,1.63,16.48,3.49,42.86,1.5,0.5,36.36,0.18,5.99,56.06,3.36,7.03,0.05,0.0,0.05,0.14,4.54,0.03,0.03,0.0,0.68,0.02,0.0,0.0,0.0,3.86,8.31,0.32,0.0,0.0,0.14,0.0,0.0,0.0,0.0,0.0,6.22,2.77,0.0,0.0,0.0,0.0,0.0,0.0,0.0,0.0,0.0,42,94,40,44,44,95,10,15,43,50,41,44,51,47,72,98,39,99,51,50,49,43,45,1,91,9,16,49,40,35,18,26,90,28,94,29,76,72,41,21,29,23,20,51,32,49,38,23,29,65,38,11,75,21,21,10,25,7,35,68,45,51,19,32,15,10,53,10,10,41,10,4,29,7,10,31,94,47,40,93,53,29,21,29,12,25,12,19,10,10,30,72,49,15,22,16,16,32,18,54,22,22,84,84,43,25,34,21,24,49,41,39,28,49,47,24,51,51,51,51,51,41,35,51,51,51,51,51,51,51,51,51
Gaizka Argente,22,SD Gernika,Izquierda,183,48,48,1.16,5,60,2024-06-30 00:00:00,0.091,CB,23,2155,0.04,0.0,0.08,100.0,0.08,50.0,1.17,0.58,0.0,0.0,0.0,0.0,0.0,0.0,0.0,0.0,0.0,0.0,0.0,0.0,0.0,0.0,0.0,5.35,23.44,1.25,0.21,0.04,0.17,0.04,0.04,0.17,0.0,0.21,0.13,0.13,0.07,0.0,0.04,0.63,0.2,0.03,0.0,0.0,0.02,0.33,2.55,0.25,1.04,36.0,0.38,1.59,0.0,0.08,4.47,11.48,4.84,0.21,0.19,64.29,4.09,2.63,6.47,62.58,4.05,17.62,55.45,9.77,9.94,53.78,5.35,3.47,36.14,1.25,3.51,0.75,16.67,0.13,0.33,12.5,0.04,0.17,44.58,76.04,37.29,3.01,28.36,5.26,53.97,2.84,0.96,34.78,0.33,8.81,62.56,5.51,11.44,0.21,0.29,0.0,0.42,4.18,-0.02,-0.02,0.04,1.42,0.02,0.0,0.08,0.0,4.01,10.02,0.63,0.0,0.0,0.38,0.0,0.0,0.0,0.0,0.0,6.93,3.09,0.0,0.0,0.0,0.0,0.0,0.0,0.0,0.0,0.0,86,46,88,96,96,34,93,81,43,50,41,44,51,47,33,33,39,49,51,50,49,43,45,66,78,88,76,99,38,71,37,90,33,32,34,62,32,33,85,73,84,90,20,51,32,39,29,77,57,4,23,43,34,18,46,39,18,47,4,81,25,40,47,18,31,59,21,47,78,6,51,91,16,82,85,91,41,73,82,46,46,93,22,44,63,75,57,49,51,45,74,69,79,71,35,59,48,84,87,23,78,10,44,44,88,82,34,21,70,49,51,75,60,49,47,77,51,51,51,51,51,54,40,51,51,51,51,51,51,51,51,51
Asier Santamaría,19,Arenas de Getxo,Izquierda,-,41,41,1.02,-,51,2024-06-30 00:00:00,0.014,CB,15,743,0.0,0.0,0.12,0.0,0.0,63.64,2.66,1.7,0.0,0.0,0.0,0.0,0.0,0.0,0.0,0.0,0.0,0.0,0.0,0.0,0.0,0.0,0.0,3.27,33.33,1.09,0.61,0.0,0.48,0.0,0.24,0.24,0.0,0.73,0.0,0.24,0.36,0.0,0.12,1.09,0.07,0.02,0.01,0.0,0.04,0.0,1.33,0.36,2.3,52.63,1.21,2.79,0.0,1.57,3.15,6.54,3.51,1.21,0.45,32.43,4.48,1.45,8.96,56.76,5.09,23.74,45.92,10.9,14.54,53.33,7.75,5.57,47.83,2.66,4.24,3.03,24.0,0.73,1.57,30.77,0.48,0.24,33.33,61.33,21.92,1.57,13.45,3.27,48.15,1.57,2.3,26.32,0.61,3.88,59.38,2.3,5.21,0.36,0.0,0.24,0.12,12.11,-0.04,-0.04,0.0,2.42,0.04,0.01,0.12,0.0,4.24,13.57,0.97,0.0,0.0,0.12,0.0,0.0,0.0,0.0,0.0,4.0,1.33,0.0,0.0,0.0,0.0,0.0,0.0,0.0,0.0,0.0,42,46,97,44,44,54,100,100,43,50,41,44,51,47,33,33,39,49,51,50,49,43,45,32,97,76,97,49,88,35,95,96,33,93,7,90,96,33,96,97,68,79,63,51,57,4,3,93,99,36,99,91,34,99,4,1,1,100,59,1,33,6,94,3,74,99,4,71,100,4,97,100,54,100,94,100,44,99,99,53,99,97,2,1,6,23,4,16,28,16,97,57,97,1,29,3,4,97,18,91,13,90,26,26,43,96,59,64,89,49,54,97,85,49,47,14,51,51,51,51,51,4,3,51,51,51,51,51,51,51,51,51
Paul Álvarez,23,SD Gernika,Derecha,185,49,51,1.21,-,59,2024-06-30 00:00:00,0.112,CB,10,968,0.0,0.0,0.0,0.0,0.0,45.45,1.02,0.46,0.0,0.0,0.0,0.0,0.0,0.0,0.0,0.0,0.0,0.0,0.0,0.0,0.0,0.0,0.0,4.93,18.87,0.93,0.28,0.0,0.28,0.0,0.09,0.09,0.0,0.37,0.28,0.09,0.37,0.0,0.0,0.65,0.06,0.01,0.01,0.0,0.06,0.28,2.23,0.19,0.74,50.0,0.37,1.95,0.0,0.0,3.72,13.57,7.9,0.09,0.4,65.75,6.79,4.46,6.88,64.86,4.46,20.83,59.38,12.37,9.67,54.81,5.3,2.79,30.0,0.84,2.98,0.0,0.0,0.0,0.0,0.0,0.0,0.09,42.68,73.06,33.47,0.0,24.45,5.95,39.06,2.32,0.56,16.67,0.09,6.04,46.15,2.79,11.44,0.28,0.09,0.09,0.46,9.3,-0.06,-0.06,0.0,1.58,0.06,0.01,0.09,0.0,4.56,10.69,0.37,0.0,0.0,0.46,0.0,0.0,0.0,0.0,0.0,7.62,3.25,0.0,0.0,0.0,0.0,0.0,0.0,0.0,0.0,0.0,42,46,40,44,44,29,84,70,43,50,41,44,51,47,33,33,39,49,51,50,49,43,45,57,59,65,90,49,62,35,63,69,33,62,74,43,97,33,41,76,64,58,63,51,79,31,18,71,23,28,20,66,34,7,18,76,91,15,54,88,85,94,61,24,46,91,40,90,75,7,50,82,7,57,69,14,21,21,18,23,23,70,16,35,49,2,51,60,4,32,39,29,27,16,7,7,48,93,49,65,87,74,11,10,43,88,79,64,74,49,69,81,30,49,47,90,51,51,51,51,51,65,46,51,51,51,51,51,51,51,51,51
K. Mahugo,25,Izarra,-,-,46,52,1.05,-5,52,2024-06-30 00:00:00,0.105,CB,24,2183,0.0,0.0,0.0,0.0,0.0,100.0,0.04,0.04,0.0,0.0,0.04,0.0,0.0,0.0,0.04,33.33,0.0,0.04,0.0,0.0,0.0,0.04,0.0,3.01,21.92,0.66,0.0,0.0,0.29,0.0,0.12,0.0,0.1,0.41,0.12,0.12,0.14,0.41,0.0,0.54,0.0,0.0,0.01,0.0,0.06,0.29,3.13,0.04,1.03,52.0,0.54,1.2,0.0,0.16,4.54,12.74,7.54,0.29,0.28,51.41,5.85,3.01,6.97,73.37,5.11,17.44,62.65,10.93,7.79,72.49,5.65,0.82,65.0,0.54,1.9,0.0,0.0,0.0,0.0,0.0,0.0,0.0,53.23,74.23,24.16,2.31,17.93,2.72,60.61,1.65,0.25,50.0,0.12,6.14,48.99,3.01,9.11,0.08,0.0,0.0,0.12,4.12,-0.02,-0.02,0.0,1.03,0.06,0.01,0.12,0.0,4.91,8.41,0.49,0.0,0.0,0.12,0.0,0.0,0.0,0.0,0.0,5.11,2.72,0.0,0.0,0.0,0.0,0.0,0.0,0.0,0.0,0.0,42,46,40,44,44,95,7,11,43,50,84,44,51,47,67,72,39,97,51,50,49,87,45,26,71,50,16,49,67,35,74,26,68,68,30,55,65,88,41,66,29,23,63,51,79,34,49,17,55,34,43,26,34,41,50,65,87,60,18,37,69,47,65,63,76,57,64,72,46,88,62,18,85,36,25,14,21,21,18,23,23,29,66,37,16,44,22,4,78,19,12,90,38,20,12,13,35,44,18,23,13,5,44,44,43,54,79,64,89,49,85,41,49,49,47,14,51,51,51,51,51,16,31,51,51,51,51,51,51,51,51,51
Adrián Beamonte,19,Brea,-,183,47,47,1.42,2,67,2025-06-30 00:00:00,0.001,CB,18,1512,0.0,0.0,0.0,0.0,0.0,77.78,0.54,0.42,0.0,0.0,0.0,0.0,0.0,0.0,0.0,0.0,0.0,0.0,0.0,0.0,0.0,0.0,0.0,3.93,27.27,1.07,0.0,0.0,0.0,0.0,0.12,0.0,0.0,0.12,0.42,0.06,0.12,0.0,0.0,0.24,0.0,0.0,0.0,0.0,0.0,0.42,2.68,0.06,0.89,40.0,0.36,1.55,0.0,0.12,3.87,13.1,7.08,0.18,0.38,50.5,6.01,3.04,7.14,70.83,5.06,19.35,57.23,11.07,9.46,64.15,6.07,2.32,43.59,1.01,2.14,0.18,33.33,0.06,0.12,50.0,0.06,0.0,56.38,80.94,27.8,2.8,22.5,3.15,47.17,1.49,0.36,33.33,0.12,6.73,63.72,4.29,10.0,0.06,0.0,0.0,0.24,5.95,0.0,0.0,0.0,1.13,0.0,0.0,0.0,0.0,3.93,7.68,0.83,0.0,0.0,0.24,0.0,0.0,0.0,0.0,0.0,5.6,3.15,0.0,0.0,0.0,0.0,0.0,0.0,0.0,0.0,0.0,42,46,40,44,44,76,63,63,43,50,41,44,51,47,33,33,39,49,51,50,49,43,45,41,86,74,16,49,6,35,74,26,33,19,96,33,57,33,41,24,29,23,20,51,6,61,32,28,44,12,18,41,34,30,22,71,80,38,49,31,72,51,69,51,72,81,28,75,71,37,74,75,43,68,36,65,60,55,60,72,60,29,78,66,31,69,37,13,22,9,21,65,38,31,43,35,43,38,18,23,51,50,71,71,43,65,6,21,24,49,45,16,79,49,47,54,51,51,51,51,51,29,43,51,51,51,51,51,51,51,51,51
Reda Ergouai,20,Deportivo Aragón,Derecha,187,43,48,1.41,-4,60,2024-06-30 00:00:00,0.001,CB,23,1914,0.0,0.0,0.05,100.0,0.05,91.3,1.08,0.99,0.0,0.0,0.0,0.0,0.0,0.0,0.0,0.0,0.0,0.0,0.0,0.0,0.0,0.05,0.0,7.1,22.52,1.6,0.09,0.0,0.52,0.05,0.05,0.0,0.0,0.56,0.42,0.09,0.28,0.0,0.0,0.66,0.0,0.0,0.01,0.0,0.08,0.89,3.9,0.05,0.99,61.9,0.61,1.36,0.14,0.42,5.69,12.18,5.31,0.66,0.2,59.26,3.81,2.26,6.54,69.06,4.51,17.63,64.0,11.29,10.3,68.04,7.01,3.76,66.25,2.49,2.49,0.19,25.0,0.05,0.19,25.0,0.05,0.0,52.25,83.51,35.36,2.77,29.53,4.7,55.0,2.59,0.66,21.43,0.14,6.77,63.89,4.33,15.52,0.0,0.05,0.33,0.56,4.7,-0.08,-0.08,0.05,1.5,0.08,0.01,0.05,0.0,4.0,7.81,2.16,0.0,0.0,0.52,0.0,0.0,0.0,0.0,0.0,5.22,2.73,0.0,0.0,0.0,0.0,0.0,0.0,0.0,0.0,0.0,42,46,83,96,93,88,87,99,43,50,41,44,51,47,33,33,39,49,51,50,49,89,45,84,74,96,43,49,90,76,43,26,33,85,96,43,88,33,41,79,29,23,63,51,90,99,81,23,51,68,57,32,97,79,84,57,29,94,6,57,19,26,50,41,52,60,75,78,84,56,88,95,88,99,47,67,47,47,71,47,53,29,59,78,57,68,62,38,53,38,50,46,42,32,44,38,65,15,39,100,96,26,2,2,92,85,90,64,57,49,50,28,100,49,47,94,51,51,51,51,51,21,33,51,51,51,51,51,51,51,51,51
Toni Pérez,30,Utebo,Derecha,177,52,59,1.11,-,59,2024-06-30 00:00:00,0.1,CB,24,2046,0.09,0.0,0.04,100.0,0.04,52.38,0.92,0.48,0.0,0.0,0.0,0.0,0.0,0.0,0.0,0.0,0.0,0.0,0.0,0.0,0.0,0.0,0.0,3.34,31.58,1.06,0.7,0.0,0.31,0.09,0.18,0.53,0.0,0.48,0.09,0.18,0.12,0.0,0.04,1.1,0.37,0.1,0.0,0.0,0.05,0.18,0.88,0.62,1.67,36.84,0.62,3.92,0.04,2.24,2.42,8.23,6.03,0.35,0.13,41.86,5.67,2.38,8.89,53.47,4.75,23.62,44.88,10.6,13.06,49.16,6.42,4.18,40.0,1.67,6.07,1.19,29.63,0.35,0.66,33.33,0.22,0.26,49.04,75.9,31.94,3.12,24.24,5.59,55.12,3.08,1.5,41.18,0.62,5.63,73.44,4.13,8.58,0.22,0.13,0.13,0.31,4.4,-0.05,-0.05,0.0,2.99,0.05,0.0,0.0,0.0,3.65,11.39,1.54,0.0,0.0,0.31,0.0,0.0,0.0,0.0,0.0,4.57,2.24,0.0,0.0,0.0,0.0,0.0,0.0,0.0,0.0,0.0,97,46,81,96,90,38,78,73,43,50,41,44,51,47,33,33,39,49,51,50,49,43,45,34,94,71,99,49,74,88,86,100,33,79,23,79,57,33,85,99,96,99,20,51,69,15,1,99,93,6,60,99,70,100,1,3,54,66,1,7,63,31,93,1,62,97,3,62,97,1,79,99,29,94,99,96,53,94,94,61,88,99,49,41,46,84,49,53,56,56,92,81,99,7,91,31,31,88,62,78,65,18,18,17,43,100,70,21,24,49,26,84,98,49,47,65,51,51,51,51,51,7,15,51,51,51,51,51,51,51,51,51
Rubén Cantero,19,CD Calahorra,Derecha,184,43,49,1.3,-,62,2025-06-30 00:00:00,0.01,CB,21,1804,0.0,0.0,0.0,0.0,0.0,73.33,0.75,0.55,0.0,0.0,0.0,0.0,0.0,0.0,0.0,0.0,0.0,0.0,0.0,0.0,0.0,0.0,0.0,4.54,20.88,0.95,0.1,0.0,0.1,0.05,0.1,0.0,0.0,0.2,0.25,0.0,0.0,0.0,0.0,0.2,0.0,0.01,0.0,0.0,0.02,0.5,2.25,0.1,1.35,55.56,0.75,2.99,0.0,0.25,4.44,13.57,7.33,0.45,0.3,49.61,6.44,3.19,7.68,74.68,5.74,20.55,58.74,12.07,10.23,67.8,6.93,2.54,47.06,1.2,2.05,0.15,0.0,0.0,0.1,0.0,0.0,0.0,53.28,77.56,31.13,2.49,24.15,5.89,55.08,3.24,0.55,27.27,0.15,6.78,72.79,4.94,11.72,0.1,0.0,0.25,0.2,4.99,-0.02,-0.02,0.0,1.3,0.02,0.0,0.0,0.0,3.39,8.68,0.75,0.0,0.0,0.2,0.0,0.0,0.0,0.0,0.0,6.83,3.64,0.0,0.0,0.0,0.0,0.0,0.0,0.0,0.0,0.0,42,46,40,44,44,72,72,78,43,50,41,44,51,47,33,33,39,49,51,50,49,43,45,51,68,68,50,49,24,76,68,26,33,31,64,14,14,33,41,13,29,58,20,51,32,74,19,44,76,45,75,93,34,63,43,76,84,81,25,25,82,60,78,81,88,87,37,88,82,54,84,78,51,74,32,60,21,21,54,23,23,29,68,51,42,56,46,59,54,60,37,59,46,34,87,49,51,56,18,93,35,37,44,44,43,72,34,21,24,49,18,47,72,49,47,38,51,51,51,51,51,51,58,51,51,51,51,51,51,51,51,51
Mingotes,28,Barbastro,Izquierda,182,52,56,1.14,5,59,2024-06-30 00:00:00,0.097,CB,17,1595,0.0,0.0,0.0,0.0,0.0,100.0,0.17,0.17,0.0,0.0,0.0,0.0,0.0,0.0,0.0,0.0,0.0,0.0,0.0,0.0,0.0,0.06,0.0,2.48,13.64,0.34,0.0,0.0,0.28,0.0,0.06,0.0,0.0,0.34,0.28,0.06,0.34,0.0,0.0,0.34,0.0,0.0,0.0,0.0,0.03,0.45,3.67,0.0,0.17,100.0,0.17,1.19,0.0,0.17,4.34,10.1,4.63,0.06,0.33,65.63,3.61,2.37,2.93,80.77,2.37,10.04,68.54,6.88,4.18,68.92,2.88,1.24,40.91,0.51,2.14,0.0,0.0,0.0,0.0,0.0,0.0,0.0,66.36,82.05,24.83,1.64,20.37,3.89,57.97,2.26,0.28,20.0,0.06,5.81,69.9,4.06,9.99,0.06,0.06,0.0,0.23,5.64,-0.03,-0.03,0.0,0.51,0.03,0.0,0.17,0.0,2.82,6.21,0.28,0.0,0.0,0.23,0.0,0.0,0.0,0.0,0.0,6.04,4.01,0.0,0.0,0.0,0.0,0.0,0.0,0.0,0.0,0.0,42,46,40,44,44,95,21,39,43,50,41,44,51,47,33,33,39,49,51,50,49,92,45,18,31,12,16,49,62,35,49,26,33,59,74,33,94,33,41,38,29,23,20,51,46,67,66,8,1,100,1,24,34,46,38,12,13,10,35,87,14,29,1,97,2,3,97,7,1,69,1,40,33,32,36,14,21,21,18,23,23,29,100,72,22,26,31,22,69,29,17,38,21,12,66,28,40,38,43,23,49,47,35,35,43,15,47,21,96,49,4,4,21,49,47,51,51,51,51,51,51,38,66,51,51,51,51,51,51,51,51,51
Mario Adot,22,AD San Juan,-,-,45,46,1.12,2,56,2024-06-30 00:00:00,0.018,CB,15,1328,0.0,0.0,0.0,0.0,0.0,0.0,0.0,0.0,0.0,0.0,0.0,0.0,0.0,0.0,0.0,0.0,0.0,0.0,0.0,0.0,0.0,0.0,0.0,1.22,38.89,0.47,0.07,0.0,0.14,0.07,0.0,0.0,0.0,0.14,0.54,0.0,0.0,0.0,0.0,0.27,0.0,0.0,0.01,0.0,0.01,1.29,4.68,0.14,0.75,81.82,0.61,1.15,0.07,0.2,7.79,11.66,6.03,0.14,0.79,59.15,4.81,2.85,5.56,84.15,4.68,14.23,65.71,9.35,5.96,78.41,4.68,0.41,0.0,0.0,1.15,0.0,0.0,0.0,0.0,0.0,0.0,0.0,47.12,63.43,18.16,2.51,11.52,4.54,53.73,2.44,0.81,16.67,0.14,6.57,55.67,3.66,5.08,0.07,0.07,0.0,0.14,6.78,-0.01,-0.01,0.0,0.47,0.01,0.01,0.07,0.07,4.41,8.88,0.2,0.0,0.0,0.14,0.0,0.0,0.0,0.0,0.0,7.05,3.32,0.0,0.0,0.0,0.0,0.0,0.0,0.0,0.0,0.0,42,46,40,44,44,5,4,5,43,50,41,44,51,47,33,33,39,49,51,50,49,43,45,3,99,28,38,49,29,84,18,26,33,24,99,14,14,33,41,30,29,23,63,51,18,100,97,62,26,96,57,21,82,51,100,47,54,26,81,56,38,42,31,100,58,25,85,39,15,100,34,3,2,2,6,14,21,21,18,23,23,29,40,3,1,59,1,35,50,35,66,29,42,26,21,22,3,41,46,23,22,62,57,57,43,11,18,64,66,100,63,50,13,49,47,24,51,51,51,51,51,56,48,51,51,51,51,51,51,51,51,51
Iker Ezcurra,32,AD San Juan,Izquierda,-,49,52,1.04,-1,57,2024-06-30 00:00:00,0.046,CB,15,1157,0.0,0.0,0.08,0.0,0.0,42.86,0.54,0.23,0.08,0.0,0.0,0.08,0.0,0.0,0.08,100.0,0.08,0.0,0.0,0.0,0.08,0.0,0.0,1.79,26.09,0.47,0.23,0.0,0.16,0.08,0.08,0.08,0.33,0.23,0.23,0.08,0.23,0.23,0.0,0.47,0.16,0.02,0.02,0.0,0.05,0.54,1.87,0.0,1.24,81.25,1.01,0.54,0.0,0.39,3.19,9.02,4.43,0.23,0.66,35.09,4.43,1.56,3.97,74.51,2.96,11.67,52.67,6.15,5.21,67.16,3.5,1.24,43.75,0.54,1.79,0.08,0.0,0.0,0.08,0.0,0.0,0.16,60.26,76.56,21.24,3.03,16.26,3.03,46.15,1.4,0.7,22.22,0.16,4.98,65.63,3.27,6.61,0.16,0.0,0.08,0.16,7.78,0.03,0.03,0.0,0.47,0.05,0.02,0.08,0.0,3.58,8.25,0.31,0.0,0.0,0.16,0.0,0.0,0.0,0.0,0.0,6.07,3.66,0.0,0.0,0.0,0.0,0.0,0.0,0.0,0.0,0.0,42,46,88,44,44,24,63,51,94,50,41,96,51,47,85,98,89,49,51,50,99,43,45,6,84,28,84,49,35,85,57,65,97,34,57,39,81,76,41,57,80,79,93,51,69,79,10,8,68,94,94,1,34,76,7,6,10,52,76,3,29,7,3,78,6,6,9,1,9,51,12,40,44,36,18,37,21,21,46,23,23,91,91,46,4,76,10,7,19,7,54,48,47,4,50,15,13,73,18,61,26,65,84,84,43,11,70,93,70,49,24,37,26,49,47,29,51,51,51,51,51,40,60,51,51,51,51,51,51,51,51,51
Keller,22,Deportivo Alavés B,-,190,51,52,1.34,3,62,2024-06-30 00:00:00,0.166,CB,9,819,0.11,0.0,0.11,100.0,0.11,72.73,1.21,0.88,0.0,0.0,0.0,0.0,0.0,0.0,0.0,0.0,0.0,0.0,0.0,0.0,0.0,0.11,0.0,9.56,17.24,1.65,0.11,0.0,0.44,0.0,0.33,0.11,0.0,0.77,0.66,0.0,0.0,0.0,0.44,0.44,0.03,0.0,0.01,0.0,0.07,0.55,3.74,0.33,1.54,57.14,0.88,1.76,0.11,0.11,4.84,14.73,6.7,0.55,0.69,62.22,4.95,3.08,4.84,63.64,3.08,15.82,60.42,9.56,7.8,60.56,4.73,2.97,55.56,1.65,4.51,0.0,0.0,0.0,0.0,0.0,0.0,0.11,56.98,85.22,51.32,3.96,43.74,6.15,51.79,3.19,0.99,22.22,0.22,11.1,72.28,8.02,23.19,0.11,0.99,0.11,0.55,10.99,-0.07,-0.07,0.11,0.77,0.07,0.01,0.0,0.0,3.19,7.8,0.44,0.0,0.0,0.44,0.0,0.0,0.0,0.0,0.0,9.45,5.38,0.0,0.0,0.0,0.0,0.0,0.0,0.0,0.0,0.0,100,46,96,96,99,71,94,93,43,50,41,44,51,47,33,33,39,49,51,50,49,98,45,97,51,99,56,49,85,35,99,78,33,94,100,14,14,33,100,50,60,23,63,51,85,82,71,89,88,49,88,54,90,26,59,90,74,88,78,71,45,54,16,21,12,40,47,46,49,21,35,85,71,91,96,14,21,21,18,23,23,77,79,85,85,97,85,66,43,58,76,48,60,88,80,91,84,60,99,73,94,84,6,6,97,36,85,64,24,49,12,26,38,49,47,86,51,51,51,51,51,82,85,51,51,51,51,51,51,51,51,51
A. Gil,25,Mutilvera,-,-,43,50,0.98,-2,51,2024-06-30 00:00:00,0.017,CB,14,670,0.0,0.0,0.0,0.0,0.0,0.0,0.13,0.0,0.0,0.0,0.0,0.0,0.0,0.0,0.0,0.0,0.0,0.0,0.0,0.0,0.0,0.0,0.0,2.42,22.22,0.54,0.0,0.0,0.13,0.0,0.0,0.0,0.0,0.13,0.0,0.0,0.0,0.0,0.0,0.13,0.0,0.0,0.01,0.0,0.01,0.27,3.76,0.13,1.34,70.0,0.94,1.07,0.13,0.13,5.64,12.49,5.1,0.4,3.29,55.77,6.99,3.9,6.58,71.43,4.7,17.73,60.61,10.75,7.66,66.67,5.1,1.07,37.5,0.4,2.55,0.0,0.0,0.0,0.0,0.0,0.0,0.0,41.46,71.43,25.39,2.55,18.13,2.69,45.0,1.21,0.13,0.0,0.0,6.72,42.0,2.82,7.52,0.0,0.0,0.0,0.13,13.43,-0.01,-0.01,0.0,0.27,0.01,0.01,0.0,0.0,6.04,9.13,0.13,0.0,0.0,0.13,0.0,0.0,0.0,0.0,0.0,5.51,2.28,0.0,0.0,0.0,0.0,0.0,0.0,0.0,0.0,0.0,42,46,40,44,44,5,16,5,43,50,41,44,51,47,33,33,39,49,51,50,49,43,45,16,72,36,16,49,28,35,18,26,33,22,7,14,14,33,41,10,29,23,63,51,18,27,72,58,75,85,93,15,95,33,82,60,24,74,100,51,88,87,51,56,60,63,49,65,43,49,44,28,24,18,50,14,21,21,18,23,23,29,9,28,25,62,24,1,16,3,5,7,7,29,1,9,21,15,18,23,18,96,57,57,43,2,18,64,24,49,94,57,9,49,47,19,51,51,51,51,51,28,16,51,51,51,51,51,51,51,51,51
Titi,31,UD Logroñés,Derecha,179,55,61,1.17,-2,62,2024-06-30 00:00:00,0.199,CB,9,737,0.0,0.0,0.0,0.0,0.0,0.0,0.0,0.0,0.0,0.0,0.12,0.0,0.0,0.0,0.12,50.0,0.12,0.0,0.0,0.0,0.0,0.0,0.0,5.25,9.3,0.49,0.24,0.0,0.61,0.12,0.0,0.12,0.2,0.61,0.24,0.24,0.31,0.61,0.0,0.98,0.0,0.03,0.02,0.0,0.09,0.24,2.44,0.0,0.61,60.0,0.37,1.47,0.0,0.0,4.64,11.6,3.54,0.37,1.65,71.43,3.42,2.44,6.59,74.07,4.88,13.07,67.29,8.79,7.57,69.35,5.25,0.98,37.5,0.37,2.81,0.24,100.0,0.24,0.24,100.0,0.24,0.0,45.83,87.34,48.24,3.54,42.13,4.88,62.5,3.05,0.37,66.67,0.24,7.08,72.41,5.13,23.81,0.0,0.12,0.0,0.0,12.21,0.03,0.03,0.0,0.49,0.09,0.02,0.0,0.0,3.66,7.69,0.12,0.0,0.0,0.0,0.0,0.0,0.0,0.0,0.0,5.86,2.69,0.0,0.0,0.0,0.0,0.0,0.0,0.0,0.0,0.0,42,46,40,44,44,5,4,5,43,50,100,44,51,47,96,85,97,49,51,50,49,43,45,63,15,31,85,49,96,93,18,81,84,90,60,90,93,99,41,96,29,90,93,51,94,21,21,8,12,60,20,38,34,7,53,44,3,68,96,97,12,35,53,75,68,13,94,25,37,72,49,24,24,15,66,73,94,88,74,93,93,29,32,94,81,96,84,43,83,51,22,99,65,41,85,53,88,15,57,23,1,91,84,84,43,13,94,93,24,49,29,18,7,49,47,1,51,51,51,51,51,34,28,51,51,51,51,51,51,51,51,51
Huete,27,Arenas de Getxo,Derecha,180,53,54,1.17,-,54,2024-06-30 00:00:00,0.181,CB,22,1851,0.05,0.0,0.0,0.0,0.0,60.0,0.49,0.29,0.0,0.0,0.0,0.0,0.0,0.0,0.0,0.0,0.0,0.0,0.0,0.0,0.0,0.05,0.0,2.77,14.04,0.39,0.34,0.0,0.29,0.05,0.58,0.19,0.0,0.88,0.15,0.05,0.88,0.0,0.0,0.58,0.29,0.04,0.0,0.0,0.04,0.19,1.46,0.63,1.12,34.78,0.39,5.15,0.05,0.88,4.13,15.71,10.7,0.19,0.31,49.68,7.63,3.79,7.1,67.81,4.81,21.59,55.18,11.91,9.09,60.96,5.54,1.99,36.59,0.73,2.48,0.73,33.33,0.24,0.44,33.33,0.15,0.15,57.67,71.2,33.26,3.06,23.68,8.61,59.89,5.15,1.7,22.86,0.39,8.61,71.19,6.13,9.97,0.19,0.0,0.1,0.53,4.86,-0.04,-0.04,0.0,1.12,0.04,0.0,0.05,0.0,3.01,11.09,0.88,0.0,0.0,0.53,0.0,0.0,0.0,0.0,0.0,7.93,4.57,0.0,0.0,0.0,0.0,0.0,0.0,0.0,0.0,0.0,90,46,40,44,44,46,59,62,43,50,41,44,51,47,33,33,39,49,51,50,49,89,45,24,34,19,93,49,67,76,100,93,33,98,40,29,100,33,41,68,88,94,20,51,57,16,4,100,62,3,26,100,75,96,32,97,100,43,26,26,96,84,68,35,64,96,16,84,65,24,59,69,19,52,46,90,60,88,88,61,79,89,84,25,47,79,43,91,76,90,94,50,87,63,72,65,38,78,18,70,93,32,26,26,43,62,59,21,57,49,9,82,81,49,47,96,51,51,51,51,51,69,69,51,51,51,51,51,51,51,51,51
Guti,28,Utebo,Derecha,192,55,58,1.21,-,61,2024-06-30 00:00:00,0.204,CB,24,2166,0.0,0.0,0.0,0.0,0.0,25.0,0.17,0.04,0.0,0.0,0.0,0.0,0.0,0.0,0.0,0.0,0.0,0.0,0.0,0.0,0.0,0.0,0.0,4.53,15.6,0.71,0.25,0.0,0.33,0.0,0.08,0.12,0.0,0.42,0.21,0.17,0.1,0.0,0.0,0.66,0.22,0.03,0.0,0.0,0.05,0.58,4.24,0.17,1.25,66.67,0.83,1.33,0.0,0.21,5.9,14.21,7.48,0.33,0.32,68.57,7.27,4.99,7.73,74.19,5.73,18.78,66.15,12.42,8.52,68.78,5.86,0.79,15.79,0.12,2.04,0.04,0.0,0.0,0.0,0.0,0.0,0.12,48.78,80.65,40.8,2.29,32.91,6.11,58.5,3.57,0.79,10.53,0.08,9.39,69.47,6.52,15.83,0.21,0.12,0.0,0.21,4.16,-0.05,-0.05,0.0,1.0,0.05,0.0,0.12,0.0,4.74,10.64,0.08,0.0,0.0,0.21,0.0,0.0,0.0,0.0,0.0,6.81,3.32,0.0,0.0,0.0,0.0,0.0,0.0,0.0,0.0,0.0,42,46,40,44,44,10,21,11,43,50,41,44,51,47,33,33,39,49,51,50,49,43,45,50,40,54,87,49,75,35,57,81,33,71,54,76,41,33,41,79,85,90,20,51,69,85,93,66,71,82,85,31,34,55,88,84,85,65,29,96,93,100,79,76,87,76,88,93,57,68,69,16,4,4,29,28,21,21,18,23,23,80,46,63,71,43,72,63,72,71,64,19,24,74,63,75,66,84,57,23,42,7,18,17,43,51,70,21,89,49,78,78,4,49,47,44,51,51,51,51,51,50,48,51,51,51,51,51,51,51,51,51
J. Hernández,23,Utebo,Derecha,185,47,52,1.16,-,56,2024-06-30 00:00:00,0.137,CB,21,1443,0.06,0.0,0.0,0.0,0.0,0.0,0.12,0.0,0.0,0.0,0.0,0.0,0.0,0.0,0.0,0.0,0.0,0.0,0.0,0.0,0.0,0.0,0.0,5.36,15.12,0.81,0.19,0.0,0.06,0.0,0.0,0.0,0.0,0.06,0.06,0.0,0.0,0.0,0.0,0.19,0.0,0.01,0.01,0.0,0.01,0.12,2.49,0.12,1.43,60.87,0.87,1.31,0.0,0.37,3.24,11.1,6.05,0.62,0.36,67.5,4.99,3.37,7.92,70.87,5.61,18.21,61.64,11.23,9.29,65.77,6.11,1.37,36.36,0.5,3.37,0.06,100.0,0.06,0.0,0.0,0.0,0.0,53.85,85.06,35.49,3.49,30.19,4.86,57.69,2.81,0.69,45.45,0.31,6.11,69.39,4.24,14.91,0.12,0.19,0.0,0.62,6.24,-0.01,-0.01,0.0,1.37,0.01,0.01,0.0,0.0,3.68,7.3,0.37,0.0,0.0,0.62,0.0,0.0,0.0,0.0,0.0,4.86,2.62,0.0,0.0,0.0,0.0,0.0,0.0,0.0,0.0,0.0,93,46,40,44,44,5,14,5,43,50,41,44,51,47,33,33,39,49,51,50,49,43,45,68,38,58,72,49,15,35,18,26,33,7,17,14,14,33,41,12,29,58,63,51,18,10,25,53,85,63,87,29,34,74,10,29,57,92,44,93,47,74,82,53,84,68,56,76,68,44,75,44,18,30,82,34,94,55,18,23,23,29,71,84,60,94,65,41,68,41,51,84,75,18,62,33,63,64,71,23,99,53,57,57,43,79,18,64,24,49,32,12,30,49,47,99,51,51,51,51,51,11,24,51,51,51,51,51,51,51,51,51
Asier Pérez,20,Mutilvera,Derecha,187,42,42,1.21,3,58,2025-06-30 00:00:00,0.014,CB,7,693,0.0,0.0,0.0,0.0,0.0,63.64,1.43,0.91,0.0,0.0,0.0,0.0,0.0,0.0,0.0,0.0,0.0,0.0,0.0,0.0,0.0,0.0,0.0,8.31,21.88,1.82,0.0,0.0,0.26,0.0,0.0,0.0,0.0,0.26,0.26,0.13,0.26,0.0,0.0,0.26,0.0,0.0,0.02,0.0,0.04,0.26,2.47,0.13,0.39,66.67,0.26,1.3,0.0,0.0,4.81,10.26,4.29,0.39,1.56,35.71,1.82,0.65,6.23,77.08,4.81,14.29,57.27,8.18,9.35,68.06,6.36,3.12,50.0,1.56,4.03,0.0,0.0,0.0,0.0,0.0,0.0,0.0,52.83,85.26,49.35,0.0,42.08,4.16,62.5,2.6,0.26,0.0,0.0,8.05,45.16,3.64,20.13,0.0,0.65,0.0,0.13,12.99,-0.04,-0.04,0.0,0.52,0.04,0.02,0.0,0.0,4.42,7.01,0.26,0.0,0.0,0.13,0.0,0.0,0.0,0.0,0.0,6.88,3.64,0.0,0.0,0.0,0.0,0.0,0.0,0.0,0.0,0.0,42,46,40,44,44,54,97,96,43,50,41,44,51,47,33,33,39,49,51,50,49,43,45,91,69,100,16,49,54,35,18,26,33,38,68,62,85,33,41,27,29,23,93,51,57,24,24,58,4,82,7,28,34,7,57,14,7,71,94,4,1,1,38,90,64,26,29,18,69,57,78,88,61,90,93,14,21,21,18,23,23,29,65,87,82,2,82,24,83,40,14,7,7,54,6,21,81,15,97,23,18,94,26,26,43,16,59,93,24,49,65,9,18,49,47,19,51,51,51,51,51,53,58,51,51,51,51,51,51,51,51,51
Oier Retegui,23,CD Valle de Egüés,Derecha,-,48,50,1.19,-,57,2024-06-30 00:00:00,0.074,CB,21,1690,0.0,0.0,0.0,0.0,0.0,100.0,0.05,0.05,0.0,0.0,0.0,0.0,0.0,0.0,0.0,0.0,0.0,0.0,0.0,0.0,0.0,0.0,0.0,2.02,18.42,0.37,0.0,0.0,0.27,0.0,0.05,0.0,0.0,0.32,0.27,0.16,0.11,0.0,0.0,0.53,0.0,0.0,0.01,0.0,0.03,0.69,4.21,0.0,0.96,66.67,0.64,0.85,0.0,0.16,5.27,11.02,5.22,0.21,0.85,61.67,3.2,1.97,4.26,73.75,3.14,11.08,59.62,6.6,5.17,65.98,3.41,0.91,23.53,0.21,2.61,0.11,50.0,0.05,0.11,50.0,0.05,0.0,39.22,71.07,23.38,1.86,16.62,3.25,37.7,1.22,0.21,50.0,0.11,5.8,44.95,2.61,6.55,0.11,0.0,0.0,0.11,5.33,-0.03,-0.03,0.0,0.27,0.03,0.01,0.11,0.0,5.11,8.95,0.16,0.0,0.0,0.11,0.0,0.0,0.0,0.0,0.0,5.43,2.13,0.0,0.0,0.0,0.0,0.0,0.0,0.0,0.0,0.0,42,46,40,44,44,95,10,15,43,50,41,44,51,47,33,33,39,49,51,50,49,43,45,9,54,15,16,49,58,35,43,26,33,54,70,73,49,33,41,65,29,23,63,51,46,93,91,8,49,82,63,9,34,41,72,26,26,47,82,69,7,16,9,70,13,4,43,4,7,46,6,21,6,10,53,50,76,47,56,72,53,29,6,24,15,29,13,15,3,4,10,90,35,10,4,6,12,60,18,23,10,44,35,35,43,2,47,64,84,49,88,54,12,49,47,10,51,51,51,51,51,26,10,51,51,51,51,51,51,51,51,51
Markel,25,Barakaldo,Derecha,-,55,55,1.32,7,62,2024-06-30 00:00:00,0.1,CB,22,2153,0.04,0.0,0.0,0.0,0.0,86.67,0.63,0.54,0.04,0.0,0.0,0.08,0.0,0.0,0.08,66.67,0.08,0.0,0.0,0.0,0.0,0.0,0.0,7.06,13.02,0.92,0.17,0.0,0.21,0.0,0.08,0.17,0.29,0.29,0.08,0.13,0.1,0.15,0.0,0.38,0.09,0.02,0.01,0.0,0.04,0.33,3.22,0.29,0.75,72.22,0.54,1.8,0.0,0.25,5.02,14.67,6.94,0.5,0.36,65.52,4.85,3.18,6.14,73.47,4.51,16.05,67.19,10.79,7.82,70.05,5.48,1.67,57.5,0.96,3.39,0.5,58.33,0.29,0.46,63.64,0.29,0.21,62.24,79.15,43.31,2.34,34.28,9.49,59.03,5.6,1.5,38.89,0.59,11.83,75.62,8.95,17.72,0.21,0.13,0.13,0.21,4.18,0.04,0.04,0.0,0.71,0.04,0.01,0.0,0.0,3.93,9.7,0.67,0.0,0.04,0.21,0.0,0.0,0.0,0.0,0.0,13.84,8.61,0.0,0.0,0.0,0.0,0.0,0.0,0.0,0.0,0.0,86,46,40,44,44,87,71,76,85,50,41,96,51,47,85,93,89,49,51,50,49,43,45,82,28,63,68,49,44,35,57,90,94,44,19,62,41,68,41,42,73,79,63,51,57,39,51,84,26,88,43,59,34,63,65,88,78,82,44,85,40,59,37,65,52,46,93,68,51,78,57,62,74,66,84,84,82,93,91,79,97,96,94,57,74,48,74,96,74,93,92,76,96,91,97,94,75,84,62,78,42,10,90,90,43,29,59,64,24,49,45,66,66,49,94,44,51,51,51,51,51,99,100,51,51,51,51,51,51,51,51,51
Álvaro Martín,24,Brea,Izquierda,180,48,48,1.15,2,56,2024-06-30 00:00:00,0.093,CB,19,1842,0.0,0.0,0.0,0.0,0.0,65.22,1.12,0.73,0.0,0.0,0.0,0.0,0.0,0.0,0.0,0.0,0.0,0.0,0.0,0.05,0.0,0.0,0.0,5.67,18.97,1.07,0.15,0.0,0.15,0.0,0.1,0.1,0.0,0.34,0.24,0.15,0.11,0.0,0.05,0.24,0.31,0.03,0.01,0.0,0.05,0.34,3.57,0.05,1.17,50.0,0.59,1.61,0.0,0.0,4.25,14.17,6.55,0.1,0.34,54.26,6.3,3.42,8.06,74.55,6.01,20.91,59.35,12.41,11.82,64.88,7.67,3.76,44.16,1.66,1.12,0.93,26.32,0.24,0.73,26.67,0.2,0.1,45.45,67.58,34.06,2.39,23.01,7.67,42.68,3.27,2.05,23.81,0.49,10.94,64.29,7.04,9.33,0.2,0.29,0.1,0.34,4.89,-0.06,-0.05,0.0,1.17,0.01,0.0,0.15,0.0,4.64,11.97,0.73,0.0,0.0,0.34,0.0,0.0,0.0,0.0,0.0,11.29,5.13,0.0,0.0,0.0,0.0,0.0,0.0,0.0,0.0,0.0,42,46,40,44,44,56,88,90,43,50,41,44,51,47,33,33,39,49,51,100,49,43,45,71,62,74,65,49,32,35,68,75,33,59,60,70,49,33,88,24,90,90,63,51,69,44,62,23,65,28,54,46,34,7,35,82,69,18,40,47,78,76,85,79,93,94,38,91,96,40,96,95,47,93,4,93,50,88,96,49,85,74,29,9,53,51,38,85,9,62,96,53,91,85,47,78,37,81,87,70,70,35,11,17,43,69,18,21,94,49,73,87,71,49,47,70,51,51,51,51,51,87,79,51,51,51,51,51,51,51,51,51
Jon De Luis,20,Bilbao Ath.,Izquierda,186,51,51,1.47,9,68,2026-06-30 00:00:00,0.078,CB,18,1697,0.0,0.05,0.0,0.0,0.0,100.0,0.27,0.27,0.05,0.0,0.05,0.0,0.0,0.0,0.05,50.0,0.05,0.0,0.0,0.0,0.0,0.0,0.0,12.94,12.3,1.59,0.11,0.0,0.16,0.0,0.0,0.05,0.33,0.16,0.05,0.11,0.08,0.16,0.0,0.27,0.0,0.0,0.0,0.0,0.01,0.27,1.86,0.11,0.64,50.0,0.32,0.95,0.0,0.11,3.24,10.66,5.41,0.16,0.36,61.04,4.08,2.49,4.67,73.86,3.45,12.04,64.76,7.8,5.73,72.22,4.14,1.06,65.0,0.69,3.29,0.0,0.0,0.0,0.0,0.0,0.0,0.0,47.19,91.39,58.5,3.45,53.46,5.67,73.83,4.19,0.16,33.33,0.05,6.95,73.28,5.09,32.09,0.05,0.21,0.0,0.05,5.3,0.04,0.04,0.0,0.69,0.01,0.0,0.0,0.0,2.55,5.78,0.48,0.0,0.0,0.05,0.0,0.0,0.0,0.0,0.0,4.72,2.23,0.0,0.0,0.0,0.0,0.0,0.0,0.0,0.0,0.0,42,94,40,44,44,95,35,58,88,50,88,44,51,47,72,85,81,49,51,50,49,43,45,100,24,94,56,49,35,35,18,59,97,26,15,51,34,69,41,30,29,23,20,51,18,27,9,49,13,28,12,13,34,26,10,24,32,33,44,66,23,37,13,72,18,7,76,12,13,85,16,26,85,44,79,14,21,21,18,23,23,29,41,100,99,93,100,54,100,81,8,65,17,38,88,51,100,32,79,23,3,43,90,90,43,26,18,21,24,49,1,1,47,49,47,3,51,51,51,51,51,9,13,51,51,51,51,51,51,51,51,51
Biesa,28,Mutilvera,-,-,52,52,1.14,-,59,2024-06-30 00:00:00,0.071,CB,19,1843,0.0,0.0,0.0,0.0,0.0,60.0,0.24,0.15,0.0,0.0,0.0,0.0,0.0,0.0,0.0,0.0,0.0,0.0,0.0,0.0,0.0,0.0,0.0,5.32,11.01,0.59,0.05,0.0,0.05,0.05,0.2,0.0,0.0,0.24,0.15,0.1,0.12,0.0,0.0,0.1,0.03,0.0,0.0,0.0,0.02,0.54,3.47,0.05,0.73,60.0,0.44,0.78,0.0,0.34,4.98,10.26,4.88,0.1,0.46,59.42,3.37,2.0,4.15,71.76,2.98,9.86,64.85,6.4,4.79,71.43,3.42,0.63,69.23,0.44,1.81,0.05,100.0,0.05,0.0,0.0,0.0,0.05,61.02,81.27,39.36,2.34,31.99,4.98,48.04,2.39,0.59,8.33,0.05,9.18,66.49,6.1,16.46,0.0,0.0,0.0,0.2,4.88,-0.02,-0.02,0.0,0.44,0.02,0.0,0.0,0.0,4.4,8.59,0.15,0.0,0.0,0.2,0.0,0.0,0.0,0.0,0.0,11.52,7.03,0.0,0.0,0.0,0.0,0.0,0.0,0.0,0.0,0.0,42,46,40,44,44,46,31,33,43,50,41,44,51,47,33,33,39,49,51,50,49,43,45,65,22,43,35,49,12,76,90,26,33,35,40,48,57,33,41,7,60,23,20,51,32,79,59,23,21,60,31,4,34,70,63,14,21,18,63,60,9,18,7,57,8,1,78,3,4,81,7,12,97,25,21,31,94,47,18,23,23,63,93,68,66,48,71,44,25,34,46,16,17,72,53,63,69,15,18,23,35,34,44,44,43,9,34,21,24,49,62,46,10,49,47,38,51,51,51,51,51,91,96,51,51,51,51,51,51,51,51,51
Sagastibeltza,39,Barakaldo,Derecha,179,50,59,1.19,-,63,2024-06-30 00:00:00,0.008,CB,12,761,0.0,0.0,0.0,0.0,0.0,100.0,0.12,0.12,0.0,0.0,0.0,0.0,0.0,0.0,0.0,0.0,0.0,0.0,0.0,0.0,0.0,0.0,0.0,4.26,2.78,0.12,0.12,0.0,0.12,0.0,0.0,0.12,0.0,0.12,0.35,0.12,0.12,0.0,0.0,0.12,0.09,0.01,0.01,0.0,0.01,0.59,3.07,0.24,0.71,50.0,0.35,1.42,0.0,0.0,3.9,10.41,4.85,0.12,0.5,48.89,5.32,2.6,4.02,58.82,2.37,12.18,55.34,6.74,4.73,62.5,2.96,0.71,66.67,0.47,1.66,0.24,50.0,0.12,0.12,100.0,0.12,0.12,59.09,83.05,34.89,3.07,28.98,4.49,63.16,2.84,0.47,75.0,0.35,8.04,72.06,5.8,17.27,0.35,0.0,0.0,0.24,11.83,-0.01,-0.01,0.12,0.95,0.01,0.01,0.12,0.0,2.96,6.5,0.59,0.12,0.0,0.12,0.0,0.0,0.0,0.0,0.0,7.81,4.61,0.0,0.0,0.0,0.0,0.0,0.0,0.0,0.0,0.0,42,46,40,44,44,95,14,25,43,50,41,44,51,47,33,33,39,49,51,50,49,43,45,46,1,1,60,49,26,35,18,81,33,19,87,55,57,33,41,9,73,58,63,51,18,88,46,75,19,28,16,34,34,7,24,16,19,23,70,21,52,38,5,7,2,9,19,6,3,29,3,13,93,28,16,73,76,70,60,93,77,80,88,75,56,82,60,34,85,45,27,100,85,51,76,60,72,96,18,23,51,88,57,57,99,50,18,64,89,49,7,6,57,99,47,14,51,51,51,51,51,66,71,51,51,51,51,51,51,51,51,51
S. Pino,21,Deportivo Alavés B,Derecha,195,34,36,0.93,-,49,2026-06-30 00:00:00,0.036,CB,6,452,0.0,0.0,0.0,0.0,0.0,0.0,0.0,0.0,0.0,0.0,0.0,0.0,0.0,0.0,0.0,0.0,0.0,0.0,0.0,0.0,0.0,0.2,0.0,8.36,4.76,0.4,0.0,0.0,0.0,0.0,0.0,0.0,0.0,0.0,0.0,0.0,0.0,0.0,0.0,0.4,0.0,0.0,0.0,0.0,0.0,0.2,3.78,0.2,1.39,57.14,0.8,1.59,0.0,0.2,2.99,8.56,4.58,0.0,1.92,47.06,3.39,1.59,5.77,75.86,4.38,13.54,63.24,8.56,6.37,75.0,4.78,0.6,66.67,0.4,2.59,0.0,0.0,0.0,0.0,0.0,0.0,0.0,41.67,83.53,49.58,2.99,41.42,6.37,50.0,3.19,0.0,0.0,0.0,9.76,67.35,6.57,23.3,0.0,0.0,0.0,0.2,19.91,0.0,0.0,0.0,0.6,0.0,0.0,0.0,0.0,3.58,7.77,0.0,0.0,0.0,0.2,0.0,0.0,0.0,0.0,0.0,7.17,2.99,0.0,0.0,0.0,0.0,0.0,0.0,0.0,0.0,0.0,42,46,40,44,44,5,4,5,43,50,41,44,51,47,33,33,39,49,51,50,49,100,45,93,4,21,16,49,6,35,18,26,33,4,7,14,14,33,41,44,29,23,20,51,6,18,74,72,82,49,82,43,34,51,3,4,12,3,99,15,10,9,34,83,43,18,69,22,24,95,38,10,93,18,51,14,21,21,18,23,23,29,12,79,84,74,81,68,35,58,1,7,7,76,54,76,85,15,18,23,35,99,71,71,43,21,6,21,24,49,24,24,1,49,47,38,51,51,51,51,51,59,37,51,51,51,51,51,51,51,51,51
Pablo Bernárdez,22,Brea,-,182,39,46,0.95,-6,51,2024-06-30 00:00:00,0.04,CB,11,811,0.0,0.0,0.0,0.0,0.0,44.44,1.0,0.44,0.0,0.0,0.0,0.0,0.0,0.0,0.0,0.0,0.0,0.0,0.0,0.0,0.0,0.0,0.0,4.44,30.0,1.33,0.22,0.0,0.0,0.0,0.0,0.22,0.0,0.0,0.33,0.0,0.0,0.0,0.11,0.33,0.05,0.01,0.0,0.0,0.0,0.55,3.0,0.33,1.0,55.56,0.55,2.55,0.0,0.55,4.55,11.43,5.44,0.78,0.28,38.46,5.77,2.22,6.77,62.3,4.22,20.75,44.39,9.21,9.65,56.32,5.44,2.89,42.31,1.22,2.77,0.44,25.0,0.11,0.33,33.33,0.11,0.11,45.9,71.31,26.3,2.11,18.75,5.77,51.92,3.0,1.11,20.0,0.22,6.88,58.06,4.0,8.43,0.11,0.33,0.22,0.44,11.1,0.0,0.0,0.0,2.66,0.0,0.0,0.11,0.0,4.88,10.65,0.67,0.0,0.0,0.44,0.0,0.0,0.0,0.0,0.0,6.77,3.11,0.0,0.0,0.0,0.0,0.0,0.0,0.0,0.0,0.0,42,46,40,44,44,26,82,67,43,50,41,44,51,47,33,33,39,49,51,50,49,43,45,49,90,90,80,49,6,35,18,94,33,4,83,14,14,33,94,37,62,58,20,51,6,82,44,89,53,45,49,88,34,85,51,35,34,97,18,6,67,25,57,16,38,90,1,35,74,12,54,84,40,76,63,79,47,68,82,61,74,77,35,26,26,38,25,56,46,50,82,38,60,35,26,26,29,60,93,89,83,85,71,71,43,99,6,21,84,49,82,79,66,49,47,86,51,51,51,51,51,49,41,51,51,51,51,51,51,51,51,51
Sillero,25,Arenas de Getxo,Derecha,177,47,54,1.07,2,54,2024-06-30 00:00:00,0.151,CB,10,953,0.09,0.0,0.0,0.0,0.0,70.0,0.94,0.66,0.0,0.0,0.0,0.0,0.0,0.0,0.0,0.0,0.0,0.0,0.0,0.0,0.0,0.0,0.0,3.02,18.75,0.57,0.94,0.0,0.28,0.09,0.0,0.09,0.0,0.28,0.19,0.09,0.28,0.0,0.0,0.66,1.09,0.1,0.01,0.0,0.02,0.28,3.59,0.57,0.66,42.86,0.28,3.78,0.0,0.38,4.44,15.2,9.35,0.19,0.46,48.15,7.65,3.68,9.26,73.47,6.8,20.87,60.18,12.56,11.14,72.03,8.03,1.89,65.0,1.23,3.21,2.46,30.77,0.76,2.08,31.82,0.66,0.09,47.37,65.2,30.13,1.32,19.64,8.12,44.19,3.59,3.12,42.42,1.32,9.92,72.38,7.18,8.31,0.57,0.19,0.0,0.47,9.44,-0.02,-0.02,0.0,1.89,0.02,0.01,0.0,0.0,4.91,13.41,0.47,0.0,0.0,0.47,0.0,0.0,0.0,0.0,0.0,7.18,3.4,0.0,0.0,0.0,0.0,0.0,0.0,0.0,0.0,0.0,97,46,40,44,44,66,79,87,43,50,41,44,51,47,33,33,39,49,51,50,49,43,45,28,57,39,100,49,62,88,18,69,33,41,49,43,88,33,41,79,100,99,63,51,32,31,65,97,15,16,9,97,34,75,43,91,97,43,63,18,97,81,96,65,99,93,46,94,93,84,100,65,85,79,78,99,54,100,100,54,100,70,43,4,37,12,26,88,15,74,100,82,100,79,84,84,26,100,71,23,88,76,44,44,43,93,34,64,24,49,85,96,45,49,47,93,51,51,51,51,51,60,51,51,51,51,51,51,51,51,51,51
E. Ebro,20,Bilbao Ath.,Izquierda,185,45,45,1.24,4,60,2024-06-30 00:00:00,0.007,CB,5,402,0.0,0.0,0.0,0.0,0.0,75.0,0.9,0.67,0.0,0.0,0.0,0.0,0.0,0.0,0.0,0.0,0.0,0.0,0.0,0.0,0.0,0.0,0.0,7.84,14.29,1.12,0.0,0.0,0.0,0.0,0.0,0.0,0.0,0.0,0.0,0.0,0.0,0.0,0.0,0.22,0.0,0.0,0.0,0.0,0.0,0.0,3.36,0.45,2.91,61.54,1.79,3.36,0.22,0.67,5.37,15.67,5.6,0.0,0.88,78.95,4.25,3.36,9.63,60.47,5.82,18.58,62.65,11.64,11.64,61.54,7.16,2.01,66.67,1.34,3.58,0.45,50.0,0.22,0.45,50.0,0.22,0.0,33.33,87.76,54.85,0.67,48.13,9.85,70.45,6.94,1.34,16.67,0.22,8.73,71.79,6.27,24.4,0.0,0.22,0.22,0.22,22.39,0.0,0.0,0.0,2.46,0.0,0.0,0.0,0.0,3.81,9.63,0.45,0.0,0.0,0.22,0.0,0.0,0.0,0.0,0.0,5.37,1.79,0.0,0.0,0.0,0.0,0.0,0.0,0.0,0.0,0.0,42,46,40,44,44,74,76,88,43,50,41,44,51,47,33,33,39,49,51,50,49,43,45,88,35,82,16,49,6,35,18,26,33,4,7,14,14,33,41,18,29,23,20,51,6,4,56,96,100,66,100,94,99,91,74,96,40,3,85,100,26,72,100,10,91,75,64,82,94,25,93,71,93,87,87,81,76,83,90,72,88,29,2,97,96,4,96,97,96,100,89,29,60,68,75,71,91,15,81,89,47,100,71,71,43,97,6,21,24,49,37,65,40,49,47,49,51,51,51,51,51,25,6,51,51,51,51,51,51,51,51,51
Meseguer,31,Utebo,Derecha,179,52,57,1.11,-,59,2024-06-30 00:00:00,0.052,CB,16,1352,0.07,0.0,0.0,0.0,0.0,40.0,0.33,0.13,0.07,0.0,0.0,0.0,0.0,0.07,0.07,50.0,0.0,0.0,0.0,0.0,0.0,0.0,0.07,5.19,17.95,0.93,0.2,0.0,0.27,0.13,0.07,0.13,0.2,0.33,0.13,0.13,0.17,0.33,0.0,0.73,0.49,0.06,0.01,0.0,0.03,0.4,3.79,0.13,1.13,64.71,0.73,2.13,0.07,0.2,3.93,11.25,6.72,0.13,0.92,54.44,5.99,3.26,7.32,76.36,5.59,17.64,62.64,11.05,8.92,72.39,6.46,1.6,54.17,0.87,2.53,0.2,33.33,0.07,0.2,33.33,0.07,0.13,54.79,82.03,34.82,2.93,28.56,5.39,65.43,3.53,1.07,50.0,0.53,7.46,70.54,5.26,11.98,0.53,0.2,0.2,0.27,6.66,0.04,0.04,0.0,0.53,0.03,0.01,0.07,0.0,3.46,7.99,0.8,0.0,0.07,0.27,0.0,0.0,0.0,0.0,0.0,4.86,2.66,0.0,0.0,0.0,0.0,0.0,0.0,0.0,0.0,0.0,94,46,40,44,44,21,47,29,91,50,41,44,51,99,81,85,39,49,51,50,49,43,100,61,53,65,74,49,58,95,52,85,84,56,34,62,74,85,41,87,99,97,63,51,46,57,75,58,63,77,74,75,82,51,25,32,75,25,87,49,71,65,75,87,82,62,62,74,60,87,81,57,65,63,49,69,60,60,72,61,64,84,74,71,54,72,59,51,88,69,81,90,94,46,68,56,54,99,76,85,57,60,90,90,43,18,47,64,66,49,21,34,76,49,97,59,51,51,51,51,51,11,26,51,51,51,51,51,51,51,51,51
Borja García,34,Barakaldo,Derecha,185,55,59,1.12,1,63,2024-06-30 00:00:00,0.079,CB,19,1626,0.0,0.06,0.0,0.0,0.0,45.45,0.61,0.28,0.0,0.0,0.06,0.0,0.0,0.0,0.06,20.0,0.06,0.0,0.0,0.0,0.0,0.06,0.0,6.64,10.83,0.72,0.22,0.0,0.55,0.06,0.0,0.06,0.1,0.55,0.06,0.28,0.11,0.55,0.06,0.83,0.0,0.02,0.01,0.0,0.06,0.22,4.26,0.17,0.83,40.0,0.33,1.94,0.0,0.22,5.09,14.5,7.08,0.22,0.17,60.94,7.08,4.32,4.87,61.36,2.99,18.27,54.24,9.91,6.31,55.26,3.49,1.44,34.62,0.5,2.27,0.17,33.33,0.06,0.17,33.33,0.06,0.0,63.8,82.07,45.39,3.04,37.25,9.19,63.86,5.87,0.77,35.71,0.28,13.67,75.71,10.35,19.1,0.28,0.0,0.0,0.39,5.54,0.0,0.0,0.0,1.55,0.06,0.01,0.06,0.0,4.65,9.85,0.61,0.0,0.0,0.39,0.0,0.0,0.0,0.0,0.0,12.23,7.8,0.0,0.0,0.0,0.0,0.0,0.0,0.0,0.0,0.0,42,97,40,44,44,29,68,60,43,50,90,44,51,47,78,66,85,49,51,50,49,92,45,79,21,56,80,49,93,81,18,62,68,84,17,97,49,97,90,91,29,79,63,51,79,19,94,66,31,12,13,65,34,57,68,87,80,50,3,65,90,91,18,12,10,71,13,50,22,9,10,50,13,30,42,63,60,55,68,61,60,29,97,74,75,78,76,94,87,94,61,71,71,97,99,100,79,93,18,23,76,46,71,71,43,87,79,64,62,49,75,71,59,49,47,81,51,51,51,51,51,94,99,51,51,51,51,51,51,51,51,51
P. Grande,22,CD Valle de Egüés,Izquierda,188,45,45,1.17,4,56,2024-06-30 00:00:00,0.012,CB,23,2018,0.0,0.0,0.0,0.0,0.0,54.17,1.07,0.58,0.0,0.0,0.0,0.0,0.0,0.0,0.0,0.0,0.0,0.0,0.0,0.0,0.0,0.0,0.0,3.48,30.77,1.07,0.22,0.0,0.22,0.0,0.09,0.09,0.0,0.31,0.36,0.13,0.1,0.0,0.0,0.45,0.33,0.01,0.0,0.0,0.03,0.45,3.39,0.31,0.85,52.63,0.45,1.2,0.0,0.31,5.62,11.06,4.73,0.31,0.32,57.48,5.66,3.26,6.69,68.67,4.59,19.18,56.05,10.75,10.17,57.89,5.89,3.48,35.9,1.25,2.77,0.54,41.67,0.22,0.36,62.5,0.22,0.04,46.81,72.78,24.57,1.65,17.88,2.72,57.38,1.56,0.76,52.94,0.4,6.33,55.63,3.52,6.51,0.22,0.45,0.0,0.18,4.46,-0.03,-0.03,0.0,0.94,0.03,0.0,0.22,0.0,4.77,9.5,0.8,0.0,0.0,0.18,0.0,0.0,0.0,0.0,0.0,4.19,1.96,0.0,0.0,0.0,0.0,0.0,0.0,0.0,0.0,0.0,42,46,40,44,44,40,85,81,43,50,41,44,51,47,33,33,39,49,51,50,49,43,45,35,93,74,80,49,46,35,63,69,33,51,90,62,41,33,41,52,93,58,20,51,46,67,57,85,37,36,32,26,34,68,81,28,15,63,29,54,62,65,56,40,54,79,24,65,81,16,71,93,15,82,63,87,66,83,87,78,88,59,37,34,19,28,21,4,66,15,59,96,88,25,19,18,10,88,94,23,30,19,35,35,43,49,47,21,97,49,79,60,76,49,47,33,51,51,51,51,51,6,7,51,51,51,51,51,51,51,51,51
Viti,25,Náxara,-,184,52,52,1.14,-,59,2024-06-30 00:00:00,0.105,CB,25,2421,0.0,0.0,0.0,0.0,0.0,56.52,0.86,0.48,0.0,0.0,0.0,0.0,0.0,0.0,0.0,0.0,0.0,0.0,0.0,0.0,0.0,0.0,0.0,3.61,18.56,0.67,0.22,0.0,0.22,0.0,0.07,0.07,0.0,0.3,0.3,0.07,0.15,0.0,0.0,0.41,0.07,0.01,0.0,0.0,0.04,0.37,2.97,0.07,1.08,55.17,0.59,2.16,0.0,0.48,4.8,11.75,6.13,0.41,0.23,47.01,4.35,2.04,8.33,69.2,5.76,17.96,59.42,10.67,10.52,66.43,6.99,2.19,55.93,1.23,3.35,0.97,26.92,0.26,0.63,29.41,0.19,0.15,41.07,67.82,30.04,1.52,20.37,6.65,42.46,2.83,1.34,16.67,0.22,8.18,64.09,5.24,8.4,0.04,0.11,0.15,0.37,3.72,-0.04,-0.04,0.0,1.34,0.04,0.0,0.0,0.0,3.83,11.41,1.26,0.0,0.0,0.37,0.0,0.0,0.0,0.0,0.0,8.33,3.42,0.0,0.0,0.0,0.0,0.0,0.0,0.0,0.0,0.0,42,46,40,44,44,43,75,73,43,50,41,44,51,47,33,33,39,49,51,50,49,43,45,37,56,51,80,49,46,35,52,63,33,47,79,37,70,33,41,46,68,58,20,51,57,51,42,30,59,41,54,76,34,84,56,50,63,76,12,13,28,22,90,44,90,66,41,63,87,47,85,72,72,79,81,94,51,91,93,51,84,89,7,12,35,19,31,69,7,43,89,29,60,57,46,54,28,29,54,82,74,1,26,26,43,76,59,21,24,49,39,85,93,49,47,74,51,51,51,51,51,74,53,51,51,51,51,51,51,51,51,51
Beñat Garro,26,Arenas de Getxo,Derecha,186,45,50,1.01,-2,52,2024-06-30 00:00:00,0.093,CB,19,1791,0.0,0.0,0.0,0.0,0.0,50.0,0.1,0.05,0.0,0.0,0.0,0.0,0.0,0.0,0.0,0.0,0.0,0.0,0.0,0.0,0.0,0.0,0.0,1.46,17.24,0.25,0.05,0.0,0.05,0.0,0.05,0.0,0.0,0.1,0.25,0.0,0.0,0.0,0.0,0.05,0.0,0.01,0.01,0.0,0.02,0.4,3.27,0.05,0.85,64.71,0.55,1.66,0.0,0.15,3.77,13.22,6.08,0.15,0.66,65.22,4.62,3.02,5.28,65.71,3.47,12.91,63.04,8.14,5.58,64.86,3.62,0.3,50.0,0.15,2.26,0.0,0.0,0.0,0.0,0.0,0.0,0.0,57.46,72.31,24.32,2.06,17.59,4.42,51.14,2.26,0.5,20.0,0.1,7.19,62.94,4.52,7.74,0.05,0.0,0.05,0.1,5.03,-0.02,-0.02,0.0,0.4,0.02,0.01,0.0,0.0,3.92,7.29,0.3,0.0,0.0,0.1,0.0,0.0,0.0,0.0,0.0,6.73,3.87,0.0,0.0,0.0,0.0,0.0,0.0,0.0,0.0,0.0,42,46,40,44,44,34,12,15,43,50,41,44,51,47,33,33,39,49,51,50,49,43,45,4,51,4,35,49,12,35,43,26,33,15,64,14,14,33,41,4,29,58,63,51,32,57,54,23,37,77,49,49,34,38,19,72,60,29,76,84,36,49,26,25,19,12,66,15,12,38,13,1,61,6,39,14,21,21,18,23,23,29,82,31,18,35,18,31,41,29,30,38,32,43,40,40,25,32,18,54,8,39,44,44,43,7,34,64,24,49,43,10,25,49,47,8,51,51,51,51,51,47,65,51,51,51,51,51,51,51,51,51
Carlos Cirac,22,Brea,Derecha,182,47,47,1.23,4,59,2024-06-30 00:00:00,0.038,CB,12,888,0.0,0.1,0.0,0.0,0.0,66.67,0.3,0.2,0.1,0.0,0.0,0.1,0.0,0.0,0.1,50.0,0.1,0.0,0.0,0.0,0.0,0.0,0.0,1.82,27.78,0.51,0.0,0.0,0.3,0.0,0.0,0.0,0.33,0.3,0.3,0.2,0.15,0.3,0.0,0.51,0.0,0.0,0.02,0.0,0.06,0.51,2.94,0.1,0.51,40.0,0.2,1.11,0.0,0.0,3.65,11.35,6.18,0.1,0.4,56.67,6.08,3.45,5.57,70.91,3.95,15.3,61.59,9.43,6.79,68.66,4.66,1.22,58.33,0.71,1.01,0.0,0.0,0.0,0.0,0.0,0.0,0.0,47.06,68.45,18.95,2.03,12.97,3.34,33.33,1.11,0.51,0.0,0.0,5.68,50.0,2.84,4.46,0.0,0.2,0.0,0.61,10.14,0.04,0.04,0.0,1.42,0.06,0.02,0.1,0.0,4.36,8.31,0.81,0.0,0.0,0.61,0.0,0.0,0.0,0.0,0.0,5.17,2.43,0.0,0.0,0.0,0.0,0.0,0.0,0.0,0.0,0.0,42,100,40,44,44,61,41,47,99,50,41,99,51,47,94,85,96,49,51,50,49,43,45,7,88,32,16,49,71,35,18,26,97,47,79,86,70,79,41,62,29,23,93,51,79,76,40,44,9,12,4,19,34,7,16,34,66,18,54,53,74,78,32,54,28,32,54,41,31,66,32,38,75,48,3,14,21,21,18,23,23,29,38,16,3,34,3,18,1,1,32,7,7,9,13,10,1,15,76,23,97,79,90,90,43,82,79,93,79,49,60,39,78,49,47,97,51,51,51,51,51,19,19,51,51,51,51,51,51,51,51,51
I. Ochoa,24,Náxara,-,184,47,47,1.13,5,55,2024-06-30 00:00:00,0.029,CB,23,1946,0.05,0.0,0.0,0.0,0.0,33.33,0.42,0.14,0.0,0.0,0.0,0.05,0.0,0.05,0.09,50.0,0.05,0.0,0.0,0.0,0.0,0.0,0.05,2.03,15.91,0.32,0.14,0.0,0.46,0.0,0.14,0.05,0.15,0.6,0.14,0.19,0.15,0.3,0.0,0.6,0.14,0.01,0.01,0.0,0.09,0.28,1.85,0.09,1.11,62.5,0.69,2.36,0.0,0.56,4.07,10.5,6.66,0.23,0.27,52.9,6.38,3.38,6.84,72.97,4.99,20.26,56.62,11.47,9.06,68.37,6.2,2.22,54.17,1.2,1.99,0.09,50.0,0.05,0.09,50.0,0.05,0.09,47.56,67.72,24.79,1.06,16.79,5.04,44.04,2.22,0.88,21.05,0.19,6.71,59.31,3.98,8.74,0.09,0.05,0.09,0.28,4.62,0.0,0.0,0.0,1.16,0.09,0.01,0.05,0.0,3.47,9.71,0.93,0.0,0.0,0.28,0.0,0.0,0.0,0.0,0.0,7.58,3.61,0.0,0.0,0.0,0.0,0.0,0.0,0.0,0.0,0.0,90,46,40,44,44,15,54,31,43,50,41,92,51,96,90,85,81,49,51,50,49,43,94,11,43,9,63,49,87,35,79,59,78,88,38,82,70,79,41,71,78,58,63,51,94,31,7,37,60,70,68,85,34,88,31,19,72,52,16,40,81,75,59,59,71,85,26,79,63,62,76,74,65,74,28,43,76,47,51,72,53,70,44,10,21,9,15,46,13,26,71,43,51,28,28,25,32,51,39,65,60,24,71,71,43,68,94,64,57,49,22,68,82,49,47,61,51,51,51,51,51,63,56,51,51,51,51,51,51,51,51,51
Iñigo Morte,23,Mutilvera,-,191,50,50,1.24,3,60,2024-06-30 00:00:00,0.091,CB,20,1858,0.0,0.0,0.0,0.0,0.0,50.0,0.29,0.15,0.0,0.0,0.0,0.0,0.0,0.0,0.0,0.0,0.0,0.0,0.0,0.0,0.0,0.0,0.0,3.68,17.11,0.63,0.1,0.0,0.1,0.0,0.0,0.0,0.0,0.1,0.1,0.0,0.0,0.0,0.0,0.1,0.0,0.01,0.0,0.0,0.01,0.58,3.1,0.0,0.44,77.78,0.34,0.82,0.0,0.34,3.97,9.49,4.8,0.19,0.46,59.38,3.1,1.84,6.88,78.17,5.38,13.27,66.79,8.86,7.65,73.42,5.62,0.78,31.25,0.24,1.21,0.0,0.0,0.0,0.0,0.0,0.0,0.0,50.82,76.84,26.98,1.89,20.73,3.05,50.79,1.55,0.1,0.0,0.0,7.65,53.8,4.12,10.17,0.0,0.05,0.0,0.24,4.84,-0.01,-0.01,0.0,0.73,0.01,0.0,0.0,0.0,3.97,6.54,0.1,0.0,0.0,0.24,0.0,0.0,0.0,0.0,0.0,5.91,3.0,0.0,0.0,0.0,0.0,0.0,0.0,0.0,0.0,0.0,42,46,40,44,44,34,40,33,43,50,41,44,51,47,33,33,39,49,51,50,49,43,45,38,49,47,50,49,24,35,18,26,33,15,26,14,14,33,41,7,29,58,20,51,18,85,47,8,6,90,15,7,34,70,26,7,16,43,63,59,6,13,61,94,81,15,91,27,41,91,60,15,10,12,7,14,21,21,18,23,23,29,53,49,28,31,34,9,38,13,3,7,7,49,18,29,44,15,39,23,51,31,57,57,43,32,18,21,24,49,49,7,6,49,47,54,51,51,51,51,51,35,38,51,51,51,51,51,51,51,51,51
Miki Codina,22,UD Logroñés,Izquierda,185,54,54,1.41,9,66,2024-06-30 00:00:00,0.054,CB,22,2091,0.04,0.0,0.09,50.0,0.04,62.96,1.16,0.73,0.0,0.0,0.04,0.04,0.0,0.0,0.09,50.0,0.09,0.0,0.0,0.0,0.0,0.0,0.0,8.39,16.41,1.38,0.13,0.0,0.26,0.0,0.17,0.04,0.2,0.43,0.04,0.17,0.11,0.22,0.04,0.3,0.37,0.02,0.0,0.0,0.04,0.26,2.45,0.22,0.86,45.0,0.39,2.2,0.0,0.04,4.91,11.88,5.08,0.39,0.33,53.85,4.48,2.41,6.28,73.97,4.65,16.83,61.13,10.29,8.18,69.47,5.68,1.89,54.55,1.03,2.71,0.39,44.44,0.17,0.26,66.67,0.17,0.04,52.32,85.9,47.0,2.07,40.37,5.98,71.22,4.26,0.65,46.67,0.3,8.35,73.71,6.15,21.48,0.13,0.3,0.0,0.17,4.3,0.05,0.05,0.0,0.82,0.04,0.0,0.04,0.0,3.19,7.32,0.26,0.0,0.0,0.17,0.0,0.0,0.0,0.0,0.0,6.5,3.4,0.0,0.0,0.0,0.0,0.0,0.0,0.0,0.0,0.0,86,46,92,90,90,51,90,90,43,50,84,88,51,47,90,85,93,49,51,50,49,43,45,94,46,93,62,49,54,35,84,54,84,74,13,76,49,74,85,33,96,79,20,51,57,24,22,74,40,19,26,79,34,15,60,55,22,71,35,46,33,32,40,74,56,54,51,57,54,75,63,65,69,71,57,76,69,78,76,82,82,59,60,90,79,37,79,62,97,82,49,85,74,60,94,68,82,66,90,23,28,16,95,95,43,38,59,21,50,49,12,13,18,49,47,31,51,51,51,51,51,44,51,51,51,51,51,51,51,51,51,51
Nika,28,Náxara,-,-,43,55,0.94,-,55,2024-06-30 00:00:00,0.032,CB,17,1401,0.0,0.0,0.0,0.0,0.0,33.33,0.19,0.06,0.0,0.0,0.0,0.0,0.0,0.0,0.0,0.0,0.0,0.0,0.0,0.0,0.0,0.0,0.0,2.51,12.82,0.32,0.0,0.0,0.39,0.06,0.0,0.0,0.0,0.39,0.0,0.06,0.39,0.0,0.0,0.58,0.0,0.0,0.01,0.0,0.05,0.13,3.15,0.0,1.54,58.33,0.9,1.99,0.0,0.71,4.3,11.24,6.1,0.26,0.34,44.71,5.46,2.44,7.77,61.98,4.82,16.64,55.21,9.19,8.29,60.47,5.01,0.51,37.5,0.19,2.89,0.0,0.0,0.0,0.0,0.0,0.0,0.0,58.87,78.95,30.51,3.34,24.09,5.85,57.14,3.34,0.26,25.0,0.06,8.74,69.85,6.1,10.47,0.06,0.0,0.0,0.26,6.42,-0.05,-0.05,0.0,1.48,0.05,0.01,0.0,0.0,3.66,7.77,0.45,0.0,0.0,0.26,0.0,0.0,0.0,0.0,0.0,7.97,4.69,0.0,0.0,0.0,0.0,0.0,0.0,0.0,0.0,0.0,42,46,40,44,44,15,25,19,43,50,41,44,51,47,33,33,39,49,51,50,49,43,45,19,26,9,16,49,81,81,18,26,33,63,7,33,99,33,41,68,29,23,63,51,69,12,50,8,88,54,90,71,34,93,37,31,62,54,40,9,57,35,81,15,66,53,18,34,56,19,43,6,24,9,68,14,21,21,18,23,23,29,87,56,38,91,44,57,63,63,14,55,21,69,65,63,46,38,18,23,55,55,18,17,43,84,70,64,24,49,29,24,40,49,47,57,51,51,51,51,51,71,75,51,51,51,51,51,51,51,51,51
Gascó,24,Barbastro,-,-,53,53,1.27,3,61,2024-06-30 00:00:00,0.055,CB,22,2118,0.04,0.0,0.09,50.0,0.04,60.87,0.98,0.59,0.0,0.0,0.0,0.0,0.0,0.0,0.0,0.0,0.0,0.0,0.0,0.0,0.0,0.0,0.0,4.72,23.42,1.1,0.42,0.0,0.09,0.0,0.0,0.17,0.0,0.09,0.13,0.0,0.0,0.0,0.04,0.68,0.31,0.05,0.0,0.0,0.01,0.38,2.97,0.17,0.85,65.0,0.55,1.7,0.0,0.21,4.38,9.69,4.33,0.51,0.21,46.55,2.46,1.15,6.63,67.31,4.46,15.42,57.85,8.92,9.22,62.67,5.78,2.59,49.18,1.27,2.68,0.47,81.82,0.38,0.26,100.0,0.26,0.17,50.26,72.45,27.45,1.53,19.89,6.71,56.33,3.78,0.93,50.0,0.47,8.63,73.4,6.33,7.56,0.26,0.47,0.04,0.21,4.25,-0.01,-0.01,0.0,1.32,0.01,0.0,0.0,0.0,2.85,9.52,0.64,0.0,0.0,0.21,0.0,0.0,0.0,0.0,0.0,8.2,4.12,0.0,0.0,0.0,0.0,0.0,0.0,0.0,0.0,0.0,86,46,92,90,90,50,81,84,43,50,41,44,51,47,33,33,39,49,51,50,49,43,45,55,76,79,96,49,20,35,18,90,33,11,34,14,14,33,85,82,90,96,20,51,18,53,42,66,37,79,49,51,34,55,41,9,9,85,9,12,3,3,54,31,46,37,32,29,66,31,68,79,59,85,54,82,87,96,76,93,96,93,50,32,29,21,28,74,60,76,72,90,90,65,90,72,22,91,96,47,42,13,57,57,43,75,18,21,24,49,6,63,62,49,47,44,51,51,51,51,51,72,68,51,51,51,51,51,51,51,51,51
O. Ayerdi,24,Izarra,Izquierda,186,46,48,1.1,-1,54,2024-06-30 00:00:00,0.094,CB,14,1048,0.0,0.0,0.0,0.0,0.0,66.67,0.26,0.17,0.0,0.0,0.0,0.0,0.0,0.0,0.0,0.0,0.0,0.0,0.0,0.0,0.0,0.0,0.0,2.66,22.58,0.6,0.09,0.0,0.26,0.17,0.09,0.09,0.0,0.34,0.09,0.26,0.11,0.0,0.09,0.26,0.0,0.02,0.02,0.0,0.06,0.09,2.75,0.0,1.37,37.5,0.52,2.4,0.26,0.0,4.47,13.65,6.61,0.43,0.5,50.65,6.61,3.35,6.44,60.0,3.86,18.46,53.95,9.96,8.07,56.38,4.55,1.63,42.11,0.69,1.8,0.43,40.0,0.17,0.26,33.33,0.09,0.0,53.33,75.36,29.63,2.83,22.33,4.29,44.0,1.89,0.86,40.0,0.34,7.47,62.07,4.64,9.02,0.09,0.0,0.26,0.26,8.59,-0.06,-0.06,0.0,1.12,0.06,0.02,0.09,0.0,4.81,9.88,1.29,0.0,0.0,0.26,0.0,0.0,0.0,0.0,0.0,6.44,3.44,0.0,0.0,0.0,0.0,0.0,0.0,0.0,0.0,0.0,42,46,40,44,44,61,33,39,43,50,41,44,51,47,33,33,39,49,51,50,49,43,45,22,75,44,43,49,54,99,63,69,33,59,23,94,49,33,93,27,29,79,93,51,79,8,34,8,79,8,40,87,100,7,46,79,71,79,70,34,84,70,46,9,24,74,12,51,53,13,24,60,38,44,19,78,65,78,76,61,68,29,69,38,32,71,35,28,12,22,68,79,82,47,34,44,34,51,18,94,55,69,11,10,43,62,79,93,74,49,81,73,96,49,47,57,51,51,51,51,51,43,54,51,51,51,51,51,51,51,51,51
Arberas,23,SD Gernika,Derecha,183,42,51,1.04,-7,52,2024-06-30 00:00:00,0.164,CB,17,1121,0.0,0.0,0.0,0.0,0.0,0.0,0.0,0.0,0.08,0.0,0.08,0.0,0.0,0.0,0.08,33.33,0.08,0.0,0.0,0.0,0.0,0.0,0.0,3.21,20.0,0.64,0.08,0.0,0.16,0.0,0.16,0.0,0.25,0.32,0.0,0.24,0.11,0.32,0.0,0.48,0.16,0.01,0.01,0.0,0.03,0.32,3.69,0.16,0.88,45.45,0.4,2.33,0.0,0.24,5.54,11.48,6.02,0.08,0.52,53.33,3.61,1.93,7.23,67.78,4.9,15.82,58.38,9.23,7.79,62.89,4.9,0.56,0.0,0.0,1.85,0.08,0.0,0.0,0.08,0.0,0.0,0.08,50.88,78.63,37.57,5.78,29.55,6.66,59.04,3.93,0.96,25.0,0.24,8.27,65.05,5.38,16.06,0.16,0.0,0.08,0.32,8.03,0.05,0.05,0.0,1.12,0.03,0.01,0.0,0.0,4.26,8.99,0.08,0.0,0.08,0.32,0.0,0.0,0.0,0.0,0.0,9.15,4.66,0.0,0.0,0.0,0.0,0.0,0.0,0.0,0.0,0.0,42,46,40,44,44,5,4,5,94,50,93,44,51,47,85,72,89,49,51,50,49,43,45,30,65,49,40,49,35,35,82,26,90,54,7,90,49,84,41,59,80,58,63,51,46,35,68,63,43,21,28,84,34,60,78,39,51,13,72,44,14,15,72,34,69,40,35,37,46,32,40,8,2,2,22,37,21,21,46,23,23,65,54,54,65,100,63,71,75,79,74,55,65,59,49,57,68,73,18,61,68,66,95,95,43,62,47,64,24,49,57,56,4,49,99,68,51,51,51,51,51,78,74,51,51,51,51,51,51,51,51,51
Aymane Jelbat,23,Bilbao Ath.,Izquierda,184,43,45,1.11,2,54,2024-06-30 00:00:00,0.041,CB,11,854,0.0,0.0,0.0,0.0,0.0,81.82,1.16,0.95,0.21,0.0,0.11,0.11,0.0,0.0,0.21,40.0,0.21,0.0,0.0,0.0,0.0,0.11,0.0,5.8,23.64,1.37,0.11,0.0,0.63,0.0,0.21,0.0,0.25,0.84,0.11,0.53,0.17,0.42,0.21,0.63,0.0,0.0,0.01,0.0,0.09,0.0,2.0,0.11,1.26,50.0,0.63,2.32,0.11,0.11,3.58,10.54,4.22,0.84,0.73,48.57,3.69,1.79,7.27,57.97,4.22,15.91,49.67,7.9,9.91,55.32,5.48,2.63,48.0,1.26,8.01,0.63,33.33,0.21,0.32,33.33,0.11,0.0,41.67,85.98,51.85,2.74,44.58,8.75,72.29,6.32,1.16,9.09,0.11,9.91,72.34,7.17,17.07,0.0,0.21,0.0,0.21,10.54,0.12,0.12,0.0,1.05,0.09,0.01,0.0,0.0,3.69,8.43,0.42,0.0,0.0,0.21,0.0,0.0,0.0,0.0,0.0,5.06,2.11,0.0,0.0,0.0,0.0,0.0,0.0,0.0,0.0,0.0,42,46,40,44,44,82,90,97,100,50,99,100,51,47,100,76,100,49,51,50,49,98,45,72,79,91,56,49,97,35,92,26,90,96,28,100,74,90,99,73,29,23,63,51,94,4,12,49,72,28,62,82,90,26,13,21,6,99,79,19,16,12,74,4,38,43,7,13,76,10,57,81,56,84,100,88,60,81,79,61,74,29,12,91,90,66,88,93,99,97,84,18,35,78,82,82,71,15,79,23,42,82,100,100,43,57,94,64,24,49,34,43,36,49,47,44,51,51,51,51,51,13,9,51,51,51,51,51,51,51,51,51
Eloi Goñi,20,Mutilvera,Izquierda,-,41,41,1.08,5,56,2024-06-30 00:00:00,0.027,CB,10,712,0.0,0.0,0.0,0.0,0.0,40.0,1.26,0.51,0.0,0.0,0.0,0.0,0.0,0.0,0.0,0.0,0.0,0.0,0.0,0.0,0.0,0.0,0.0,5.18,31.71,1.64,0.38,0.0,0.0,0.0,0.25,0.38,0.0,0.25,0.0,0.0,0.0,0.0,0.0,0.0,0.13,0.02,0.0,0.0,0.0,0.0,1.64,0.25,1.39,54.55,0.76,1.77,0.0,0.88,5.56,10.49,4.17,0.51,1.33,50.0,2.78,1.39,7.96,58.73,4.68,15.55,48.78,7.58,11.12,51.14,5.69,3.16,32.0,1.01,4.55,1.77,21.43,0.38,0.88,28.57,0.25,0.13,44.64,68.4,34.0,3.29,23.26,5.18,56.1,2.91,1.26,20.0,0.25,8.09,53.13,4.3,6.95,0.0,1.01,0.13,0.51,12.64,0.0,0.0,0.13,0.76,0.0,0.0,0.0,0.0,6.57,12.89,0.76,0.13,0.0,0.38,0.0,0.0,0.0,0.0,0.0,7.08,3.16,0.0,0.0,0.0,0.0,0.0,0.0,0.0,0.0,0.0,42,46,40,44,44,21,96,75,43,50,41,44,51,47,33,33,39,49,51,50,49,43,45,59,96,97,94,49,6,35,97,99,33,37,7,14,14,33,41,2,76,79,20,51,6,4,6,77,82,40,76,57,34,96,79,18,4,85,91,29,4,4,84,6,58,38,6,9,91,3,65,90,12,68,97,97,43,96,97,50,94,84,24,15,51,90,40,47,59,47,87,38,68,56,15,37,15,15,100,78,90,93,71,71,100,34,6,21,24,49,96,94,74,100,47,77,51,51,51,51,51,57,44,51,51,51,51,51,51,51,51,51
Julen Monreal,30,UD Logroñés,Derecha,193,52,58,1.11,-4,59,2024-06-30 00:00:00,0.133,CB,12,1056,0.0,0.0,0.0,0.0,0.0,60.0,0.43,0.26,0.0,0.0,0.0,0.0,0.0,0.0,0.0,0.0,0.0,0.0,0.0,0.0,0.0,0.0,0.0,4.26,26.0,1.11,0.0,0.0,0.34,0.0,0.09,0.0,0.0,0.43,0.17,0.0,0.0,0.0,0.0,0.77,0.0,0.0,0.01,0.0,0.04,0.43,3.58,0.26,1.36,50.0,0.68,1.53,0.09,0.17,4.01,11.76,5.8,0.51,0.47,62.3,5.2,3.24,4.69,63.64,2.98,13.64,65.0,8.86,6.05,63.38,3.84,1.36,62.5,0.85,2.73,0.09,100.0,0.09,0.09,100.0,0.09,0.0,41.56,83.4,42.61,0.85,35.54,5.37,57.14,3.07,0.77,33.33,0.26,8.61,72.28,6.22,17.9,0.09,0.0,0.17,0.34,8.52,-0.04,-0.04,0.0,0.85,0.04,0.01,0.09,0.0,3.32,8.44,0.68,0.0,0.0,0.34,0.0,0.0,0.0,0.0,0.0,6.56,2.73,0.0,0.0,0.0,0.0,0.0,0.0,0.0,0.0,0.0,42,46,40,44,44,46,56,55,43,50,41,44,51,47,33,33,39,49,51,50,49,43,45,46,82,81,16,49,76,35,63,26,33,74,43,14,14,33,41,89,29,23,63,51,57,63,63,81,78,28,66,40,85,46,28,51,47,85,66,74,50,63,15,21,8,19,81,27,18,34,15,43,79,59,60,43,94,63,51,93,68,29,10,76,72,6,75,50,63,54,61,65,69,63,80,69,76,51,18,84,70,68,26,26,43,42,59,64,74,49,16,44,69,49,47,70,51,51,51,51,51,46,33,51,51,51,51,51,51,51,51,51
H. Iriarte,25,CD Valle de Egüés,Derecha,-,39,49,0.89,-7,49,2024-06-30 00:00:00,0.024,CB,21,1887,0.0,0.0,0.0,0.0,0.0,71.43,0.33,0.24,0.05,0.05,0.0,0.0,0.0,0.05,0.05,50.0,0.0,0.0,0.0,0.0,0.0,0.0,0.05,4.72,8.08,0.38,0.1,0.0,0.24,0.0,0.24,0.0,0.11,0.43,0.38,0.1,0.21,0.43,0.0,0.38,0.0,0.01,0.0,0.0,0.02,0.62,5.06,0.1,0.95,60.0,0.57,1.1,0.0,0.05,6.92,12.83,5.48,0.62,0.29,63.64,5.77,3.67,6.49,69.12,4.48,16.45,63.48,10.45,7.63,68.13,5.2,1.14,62.5,0.72,0.81,0.19,25.0,0.05,0.05,100.0,0.05,0.0,45.61,65.69,31.0,1.57,20.37,7.3,47.06,3.43,0.57,16.67,0.1,11.35,62.61,7.11,7.25,0.0,0.0,0.05,0.43,4.77,0.03,0.03,0.0,1.05,0.02,0.0,0.1,0.0,6.77,13.64,0.57,0.0,0.0,0.43,0.0,0.0,0.0,0.0,0.0,11.4,5.2,0.0,0.0,0.0,0.0,0.0,0.0,0.0,0.0,0.0,42,46,40,44,44,68,47,53,88,100,41,44,51,96,72,85,39,49,51,50,49,43,94,55,12,18,50,49,51,35,95,26,73,74,93,48,78,92,41,42,29,58,20,51,32,90,99,44,47,60,51,18,34,16,97,66,37,92,22,79,67,79,49,43,49,49,72,59,40,60,47,31,79,50,1,67,47,47,40,93,53,29,31,6,40,23,31,84,21,66,41,29,32,90,37,79,18,15,18,54,80,28,84,84,43,57,34,21,79,49,99,99,53,49,47,84,51,51,51,51,51,90,83,51,51,51,51,51,51,51,51,51
A. Duñabeitia,21,Bilbao Ath.,Derecha,184,47,47,1.29,5,61,2025-06-30 00:00:00,0.014,CB,13,950,0.0,0.0,0.19,50.0,0.09,66.67,0.28,0.19,0.0,0.0,0.09,0.0,0.0,0.0,0.19,50.0,0.19,0.0,0.0,0.0,0.09,0.0,0.0,9.09,9.38,0.85,0.0,0.0,1.04,0.19,0.0,0.0,0.18,1.04,0.09,0.38,0.26,0.52,0.0,1.14,0.0,0.0,0.02,0.0,0.26,0.09,4.07,0.09,0.38,50.0,0.19,1.61,0.09,0.0,4.36,12.51,5.68,0.0,0.49,53.03,6.25,3.32,4.45,78.72,3.51,14.4,63.16,9.09,6.06,76.56,4.64,1.61,70.59,1.14,3.13,0.0,0.0,0.0,0.0,0.0,0.0,0.09,45.9,87.67,54.57,1.42,47.84,6.73,70.42,4.74,0.28,33.33,0.09,8.05,56.47,4.55,26.72,0.09,0.19,0.28,0.28,9.47,-0.07,-0.07,0.0,0.85,0.26,0.02,0.0,0.0,5.31,8.91,1.04,0.0,0.09,0.28,0.0,0.0,0.0,0.0,0.0,5.78,2.65,0.0,0.0,0.0,0.0,0.0,0.0,0.0,0.0,0.0,42,46,100,90,97,61,38,44,43,50,96,44,51,47,99,85,99,49,51,50,100,43,45,96,16,62,16,49,100,100,18,26,79,100,23,99,85,96,41,100,29,23,93,51,100,8,87,37,3,28,3,46,85,7,40,62,44,3,68,41,76,68,10,96,21,29,68,31,19,99,30,59,99,72,74,14,21,21,18,23,23,70,35,96,94,16,94,75,94,88,17,65,27,54,24,41,96,51,71,96,60,78,6,6,43,42,100,93,24,49,91,53,87,49,100,61,51,51,51,51,51,31,25,51,51,51,51,51,51,51,51,51
Koldo Berasaluce,31,SD Gernika,Derecha,183,54,58,1.15,1,61,2025-06-30 00:00:00,0.051,CB,22,2096,0.0,0.0,0.0,0.0,0.0,83.33,0.52,0.43,0.0,0.0,0.04,0.0,0.0,0.09,0.13,50.0,0.04,0.09,0.0,0.0,0.0,0.0,0.0,6.4,19.46,1.25,0.3,0.0,0.3,0.04,0.21,0.26,0.25,0.52,0.09,0.26,0.09,0.17,0.0,0.43,0.06,0.02,0.01,0.0,0.07,0.34,3.26,0.09,1.55,58.33,0.9,1.85,0.04,0.09,5.24,15.63,7.73,0.17,0.26,60.48,5.32,3.22,8.2,68.59,5.63,20.65,62.58,12.92,10.56,66.67,7.04,2.36,60.0,1.42,2.4,0.39,44.44,0.17,0.34,50.0,0.17,0.3,43.86,68.48,46.46,3.99,31.82,15.16,45.61,6.91,2.45,21.05,0.52,14.3,72.07,10.31,13.53,0.17,0.09,0.21,0.43,4.29,0.06,0.06,0.04,1.37,0.07,0.01,0.04,0.0,4.64,14.86,1.16,0.0,0.0,0.39,0.0,0.0,0.0,0.0,0.0,17.13,7.51,0.0,0.0,0.0,0.0,0.0,0.0,0.0,0.0,0.0,42,46,40,44,44,85,60,65,43,50,84,44,51,100,97,85,78,100,51,50,49,43,45,78,63,88,91,49,71,71,92,97,90,82,23,94,36,71,41,49,64,79,63,51,85,44,53,37,90,54,90,63,70,21,71,94,88,35,15,63,52,62,87,38,85,88,60,99,88,49,90,76,76,88,44,76,69,78,85,72,82,100,18,18,78,99,69,100,18,99,99,43,93,100,78,99,60,75,49,87,80,15,97,97,88,79,85,64,50,49,73,100,90,49,47,81,51,51,51,51,51,100,97,51,51,51,51,51,51,51,51,51
Borja Vicent,29,Tudelano,Derecha,183,54,56,1.16,2,60,2024-06-30 00:00:00,0.16,CB,20,1790,0.0,0.0,0.05,100.0,0.05,28.57,0.35,0.1,0.0,0.0,0.0,0.05,0.0,0.0,0.05,25.0,0.0,0.0,0.0,0.0,0.0,0.0,0.05,4.12,17.07,0.7,0.2,0.0,0.4,0.0,0.15,0.15,0.1,0.5,0.25,0.2,0.13,0.5,0.0,0.85,0.24,0.02,0.0,0.0,0.03,0.8,3.82,0.1,0.91,72.22,0.65,1.76,0.0,0.35,5.03,10.91,5.58,0.15,0.29,50.63,3.97,2.01,5.83,66.38,3.87,14.63,55.67,8.15,6.94,62.32,4.32,1.11,40.91,0.45,2.11,0.15,66.67,0.1,0.15,66.67,0.1,0.1,52.0,76.03,35.45,2.21,26.95,7.19,49.65,3.57,1.01,20.0,0.2,9.7,73.58,7.14,11.46,0.15,0.15,0.05,0.3,5.03,0.02,0.02,0.0,1.01,0.03,0.0,0.3,0.0,3.67,8.7,0.5,0.0,0.0,0.3,0.0,0.0,0.0,0.0,0.0,11.31,5.88,0.0,0.0,0.0,0.0,0.0,0.0,0.0,0.0,0.0,42,46,83,96,93,12,50,22,43,50,41,92,51,47,72,68,39,49,51,50,49,43,94,43,47,53,74,49,82,35,81,87,68,81,64,86,61,94,41,93,87,79,20,51,46,96,78,44,46,88,65,54,34,72,66,25,38,29,22,32,21,20,35,26,26,31,22,16,32,28,19,29,33,26,34,60,85,65,65,82,72,74,57,43,59,40,54,79,34,71,79,38,54,75,93,81,50,71,67,54,63,39,79,79,43,53,47,21,100,49,31,49,50,49,47,63,51,51,51,51,51,88,87,51,51,51,51,51,51,51,51,51
Julen Zubelzu,19,Real Sociedad C,-,-,42,48,1.27,1,60,2024-06-30 00:00:00,0.068,CB,13,1232,0.0,0.0,0.0,0.0,0.0,33.33,0.22,0.07,0.0,0.0,0.0,0.0,0.0,0.0,0.0,0.0,0.0,0.0,0.0,0.0,0.0,0.0,0.0,6.87,5.32,0.37,0.15,0.0,0.15,0.15,0.0,0.0,0.0,0.15,0.29,0.15,0.07,0.0,0.0,0.22,0.0,0.0,0.01,0.0,0.02,0.44,5.41,0.07,1.31,77.78,1.02,1.97,0.0,0.44,6.36,13.88,8.11,0.73,0.4,66.32,6.94,4.6,8.69,70.59,6.14,19.87,63.97,12.71,10.08,68.12,6.87,1.39,52.63,0.73,2.78,0.15,50.0,0.07,0.15,50.0,0.07,0.0,45.33,80.13,56.62,1.46,45.37,7.23,48.48,3.51,0.58,37.5,0.22,12.05,61.82,7.45,23.74,0.22,0.15,0.15,0.44,7.31,-0.02,-0.02,0.07,1.61,0.02,0.01,0.07,0.0,6.65,12.35,0.95,0.0,0.0,0.37,0.0,0.0,0.0,0.0,0.0,10.96,4.97,0.0,0.0,0.0,0.0,0.0,0.0,0.0,0.0,0.0,42,46,40,44,44,15,26,21,43,50,41,44,51,47,33,33,39,49,51,50,49,43,45,81,7,15,65,49,32,97,18,26,33,25,76,70,32,33,41,18,29,23,63,51,32,65,100,30,74,90,96,69,34,81,91,81,93,96,54,90,87,96,91,50,96,84,74,96,79,59,82,46,63,52,65,60,76,60,65,72,64,29,28,60,97,18,93,81,30,68,43,74,60,94,32,87,87,88,67,82,83,63,44,44,96,91,34,64,66,49,97,90,84,49,47,74,51,51,51,51,51,85,78,51,51,51,51,51,51,51,51,51
Álvaro García,18,Deportivo Alavés B,-,189,47,46,1.48,6,69,-,0.007,CB,12,1021,0.0,0.09,0.0,0.0,0.0,71.43,0.62,0.44,0.09,0.0,0.09,0.0,0.0,0.0,0.09,33.33,0.09,0.0,0.0,0.0,0.0,0.09,0.0,5.91,4.48,0.26,0.09,0.0,0.71,0.0,0.18,0.09,0.1,0.88,0.35,0.26,0.29,0.88,0.0,0.88,0.0,0.01,0.02,0.0,0.16,0.35,2.2,0.09,0.97,63.64,0.62,1.76,0.09,0.09,3.35,13.57,7.76,0.18,0.59,66.67,6.08,4.05,7.05,73.75,5.2,18.25,63.29,11.55,8.64,69.39,5.99,1.59,44.44,0.71,2.73,0.09,0.0,0.0,0.0,0.0,0.0,0.0,57.28,81.75,46.37,0.88,37.9,6.7,55.26,3.7,0.44,20.0,0.09,10.84,69.11,7.49,17.45,0.09,0.0,0.09,0.18,8.81,-0.07,-0.07,0.0,1.06,0.16,0.02,0.09,0.0,3.09,7.76,0.26,0.0,0.0,0.18,0.0,0.0,0.0,0.0,0.0,9.08,5.2,0.0,0.0,0.0,0.0,0.0,0.0,0.0,0.0,0.0,42,99,40,44,44,68,69,67,97,50,96,44,51,47,90,72,93,49,51,50,49,94,45,74,3,6,43,49,99,35,86,69,68,98,87,94,90,100,41,94,29,58,93,51,99,47,15,37,50,74,60,54,85,21,12,76,90,38,74,91,74,88,66,70,78,69,71,81,59,74,72,56,49,48,60,43,21,21,18,23,23,29,81,69,76,7,78,72,57,75,24,38,27,84,60,90,74,51,18,65,30,71,6,6,43,59,99,93,74,49,10,22,18,49,47,33,51,51,51,51,51,76,83,51,51,51,51,51,51,51,51,51
